,Идентификатор Scopus,Автор,Публикаций Scopus за 2020,Высокорейтинговых публикаций за 2020,Цитирований за 2020,Публикаций Scopus за 2021,Высокорейтинговых публикаций за 2021,Цитирований за 2021,Публикаций Scopus за 2022,Высокорейтинговых публикаций за 2022,Цитирований за 2022,Публикаций Scopus за 2020-2022,Высокорейтинговых публикаций за 2020-2022,Цитирований за 2020 - 2022,Цветков П.С. был процитирован,Бабырь Н.В. был процитирован
0,10041199100,Syrkov A.G.,1,0,0,4,2,0,3,1,8,8,3,8,0,0
1,10041544900,Sultanbekov R.,3,0,3,3,2,13,2,2,48,8,4,64,2,0
2,10042352300,Kozlov A.V.,2,1,0,2,0,2,0,0,6,4,1,8,0,0
3,10046574700,Utkov V.A.,1,0,0,0,0,0,0,0,0,1,0,0,0,0
4,12767015100,Talovina I.V.,5,1,7,5,1,14,2,1,10,12,3,31,0,0
5,12789590200,Gusev V.N.,0,0,0,2,1,0,1,1,1,3,2,1,0,0
6,13402640400,Fedotov V.,1,0,0,0,0,57,1,0,8,2,0,65,0,0
7,14629427800,Taraban V.V.,0,0,0,2,0,0,1,0,1,3,0,1,0,0
8,17233818000,Lobacheva O.,3,0,0,4,2,1,0,0,7,7,2,8,0,0
9,21234538100,Zaytseva T.,0,0,0,1,0,0,0,0,2,1,0,2,0,0
10,22235883100,Shpurov I.V.,0,0,0,0,0,0,2,0,0,2,0,0,0,0
11,23008811400,Khasanov M.M.,1,0,0,1,0,0,0,0,1,2,0,1,0,0
12,23094942900,Matskevich E.E.,3,1,0,1,0,1,0,0,3,4,1,4,0,0
13,23099248900,Bazhin V.Y.,17,2,3,13,2,28,7,2,82,37,6,113,1,0
14,24470947600,Sychev Y.A.,5,1,7,2,1,16,3,1,18,10,3,41,1,0
15,24788059800,Paramonov G.P.,1,0,0,0,0,0,0,0,1,1,0,1,0,0
16,25634680400,Vorontsovac I.V.,0,0,0,1,0,0,0,0,0,1,0,0,0,0
17,25634766700,Ryzhkova S.O.,0,0,0,0,0,0,1,1,0,1,1,0,0,0
18,25654082300,Nazarychev A.N.,0,0,0,0,0,0,4,1,2,4,1,2,0,0
19,25926973700,Dmitriev A.N.,1,0,0,1,1,0,2,1,5,4,2,5,0,0
20,26421813200,Prischepa O.M.,5,0,10,7,2,12,2,2,22,14,4,44,2,0
21,35069026500,Berlinskiy I.V.,0,0,0,0,0,0,1,1,2,1,1,2,0,0
22,35070452100,Sulimova M.A.,1,0,0,0,0,1,0,0,1,1,0,2,0,0
23,35097193100,Forel M.B.,1,0,0,0,0,0,0,0,0,1,0,0,0,0
24,35191810300,Gembitskaya I.M.,4,2,1,3,1,3,2,1,5,9,4,9,0,0
25,35334793300,Loiko P.A.,1,0,0,0,0,0,0,0,0,1,0,0,0,0
26,35364273400,Kurguzova A.,0,0,0,0,0,0,3,1,0,3,1,0,0,0
27,35389668400,Sagirova L.R.,1,0,5,0,0,5,0,0,12,1,0,22,0,0
28,36135827200,Muratbakeev E.K.,1,0,0,0,0,0,0,0,0,1,0,0,0,0
29,36151283800,Saltykova S.N.,1,0,0,3,2,4,1,1,7,5,3,11,0,0
30,36163413800,Kuskov V.B.,0,0,0,2,2,1,2,2,8,4,4,9,0,0
31,36187458600,Schekoldin R.A.,0,0,0,0,0,0,1,0,1,1,0,1,0,0
32,36463802600,Koteleva N.,1,0,0,7,2,12,2,1,38,10,3,50,0,0
33,36599669700,Vodkailo E.,1,1,0,0,0,0,0,0,0,1,1,0,0,0
34,36638664000,Ustinov D.A.,1,0,0,6,1,3,4,1,15,11,2,18,0,5
35,36671417100,Tatarenko P.V.,0,0,0,0,0,0,1,1,0,1,1,0,0,0
36,36725128800,Cheremisina O.V.,6,2,0,6,2,17,2,1,26,14,5,43,0,0
37,36760553400,Alekseev V.I.,7,1,0,3,1,4,3,2,6,13,4,10,0,0
38,36841948300,Kostin V.N.,1,0,0,1,0,1,1,1,0,3,1,1,0,0
39,36889146200,Vasilev N.I.,2,0,0,2,1,2,1,0,8,5,1,10,0,0
40,36901099500,Sidorov D.V.,2,0,2,1,1,6,0,0,4,3,1,12,0,0
41,37060535100,Dzhevaga N.,2,0,0,4,1,1,0,0,6,6,1,7,0,0
42,37125200300,Vladimir S.,1,0,0,3,2,1,3,1,6,7,3,7,0,1
43,52864071600,Migunova S.,1,0,0,1,0,0,0,0,0,2,0,0,0,0
44,54410673900,Kochneva O.E.,2,0,10,1,0,9,0,0,8,3,0,27,0,0
45,55116623400,Kirillov A.K.,0,0,0,0,0,0,1,1,0,1,1,0,0,0
46,55208910200,Tkachev I.,2,0,0,1,1,1,0,0,2,3,1,3,0,0
47,55256539500,Feshchenko R.Y.,2,1,0,0,0,4,1,0,7,3,1,11,0,0
48,55571589200,Zhukov I.A.,0,0,0,1,0,0,5,1,0,6,1,0,0,1
49,55596392500,Mardashov D.V.,4,0,5,5,2,20,2,1,71,11,3,96,1,0
50,55622846600,Pershin I.M.,0,0,0,1,0,0,0,0,3,1,0,3,0,0
51,55639182000,Kovshov S.V.,7,1,1,4,1,22,2,1,9,13,3,32,0,0
52,55671575900,Pavlovich A.A.,4,1,1,0,0,4,1,0,3,5,1,8,0,0
53,55702024500,Zyryanova O.V.,0,0,0,1,1,1,1,0,6,2,1,7,0,0
54,55750535600,Korobov G.,2,0,1,6,2,12,0,0,23,8,2,36,0,0
55,55759653800,Dashko R.E.,0,0,0,1,1,0,4,2,3,5,3,3,0,0
56,55780210400,Ankoudinov I.G.,0,0,0,1,0,0,0,0,1,1,0,1,0,0
57,55803115000,Vasilev B.,3,0,1,1,0,3,1,0,3,5,0,7,0,0
58,55804417500,Suslov A.P.,2,0,0,0,0,2,0,0,1,2,0,3,0,0
59,55809133600,Ivanik S.A.,3,1,1,0,0,4,0,0,6,3,1,11,0,0
60,55809447300,Fokina S.,1,1,0,2,2,4,0,0,1,3,3,5,0,0
61,55877333400,Zlotnikov E.,0,0,0,2,0,0,1,0,0,3,0,0,0,0
62,55889024000,Guseva N.,0,0,0,1,0,0,1,1,3,2,1,3,0,0
63,55918967400,Skublov S.G.,20,2,4,14,2,18,15,2,50,49,6,72,0,0
64,55919400000,Stepanov S.Yu.,1,1,0,0,0,2,0,0,2,1,1,4,0,0
65,55920116700,Andreev A.A.,2,0,0,2,1,1,2,0,6,6,1,7,0,0
66,55945959000,Dvoynikov M.V.,7,1,16,6,2,50,6,2,104,19,5,170,3,0
67,55960999100,Norova L.P.,0,0,0,1,0,0,0,0,0,1,0,0,0,0
68,55962931300,Martirosyan A.V.,2,0,0,2,0,4,4,2,18,8,2,22,0,2
69,55973653400,Argimbaev K.,3,1,0,4,0,4,0,0,6,7,1,10,0,0
70,56006170700,Nikolaev A.N.,1,0,0,3,1,1,0,0,3,4,1,4,0,0
71,56014344300,Keksin A.I.,2,0,3,2,1,4,2,1,6,6,2,13,0,0
72,56037603700,Movchan I.,0,0,0,3,1,3,3,1,25,6,2,28,0,0
73,56037751900,Yakovleva A.,0,0,0,3,1,3,3,1,25,6,2,28,0,0
74,56051050000,Murasheva M.V.,0,0,0,2,0,0,1,0,0,3,0,0,0,0
75,56051447900,Kostromin O.V.,1,0,0,1,0,1,1,0,2,3,0,3,0,0
76,56051482000,Panchenko I.A.,2,0,0,2,0,1,1,0,0,5,0,1,0,0
77,56051698900,Selyukin D.B.,2,0,0,1,0,1,1,0,1,4,0,2,0,0
78,56051860900,Bobrov I.V.,2,0,0,1,0,1,1,0,1,4,0,2,0,0
79,56051925900,Dorofeev V.A.,1,0,0,0,0,0,1,0,0,2,0,0,0,0
80,56051935700,Kuvanov V.A.,1,0,0,2,0,0,1,0,3,4,0,3,0,0
81,56052036700,Izotov E.A.,2,0,0,2,0,0,1,0,0,5,0,0,0,0
82,56052406000,Zarodnyuk G.V.,1,0,0,1,0,0,1,0,0,3,0,0,0,0
83,56052412400,Rudenko G.V.,3,0,0,4,0,0,2,0,0,9,0,0,0,0
84,56052424200,Pakholkova N.V.,1,0,1,1,0,0,1,0,2,3,0,3,0,0
85,56052481600,Larionova M.N.,1,0,0,1,0,0,1,0,1,3,0,1,0,0
86,56095377100,Pyagay I.N.,1,1,0,3,2,4,5,2,61,9,5,65,0,0
87,56095416600,Buslaev G.V.,3,1,3,5,2,39,2,1,76,10,4,118,4,0
88,56096631200,Smirnov Y.,1,0,0,3,1,1,3,1,24,7,2,25,2,0
89,56122509700,Sysoev A.P.,0,0,0,1,0,0,1,0,0,2,0,0,0,0
90,56146220600,Stoyanova T.V.,1,0,0,0,0,3,0,0,1,1,0,4,0,0
91,56149440000,Tananykhin D.,5,0,1,4,2,20,2,1,23,11,3,44,3,0
92,56149450900,Lenkovets O.,3,1,0,0,0,10,1,0,5,4,1,15,0,0
93,56149908500,Nikulin A.,2,0,0,2,0,4,3,1,16,7,1,20,0,0
94,56150485400,Kirsanova N.,3,1,2,0,0,18,1,1,6,4,2,26,0,0
95,56150721200,Shagiakhmetov A.M.,2,0,3,1,0,16,2,1,11,5,1,30,0,0
96,56167344800,Feschenko E.A.,1,1,0,0,0,4,0,0,4,1,1,8,0,0
97,56168675100,Gendler S.,5,1,1,5,1,13,6,2,47,16,4,61,0,4
98,56168732400,Karpov G.N.,0,0,0,0,0,0,2,1,1,2,1,1,0,0
99,56177645600,Afanas'ev V.G.,1,1,0,1,1,0,1,1,3,3,3,3,1,0
100,56177879900,Lepikhina O.Y.,1,0,0,0,0,0,1,0,0,2,0,0,0,0
101,56178205600,Voloshinova I.V.,1,1,0,0,0,0,2,1,1,3,2,1,0,0
102,56178463400,Mokeev A.B.,1,1,0,1,1,0,1,0,7,3,2,7,0,0
103,56180259700,Timofeev D.Y.,0,0,0,2,0,0,0,0,1,2,0,1,0,0
104,56180854600,Khalimonenko A.D.,0,0,0,4,1,1,0,0,1,4,1,2,0,0
105,56194865100,Karasev M.A.,0,0,0,3,2,1,6,2,8,9,4,9,0,0
106,56230132300,Zaitsev A.V.,2,0,1,1,0,0,1,0,1,4,0,2,0,0
107,56274404100,Savchenkov S.,3,2,2,2,1,8,1,1,38,6,4,48,0,0
108,56274551100,Petrova T.A.,0,0,0,2,2,0,3,1,6,5,3,6,2,1
109,56285366700,Kremcheev E.A.,3,1,0,2,0,4,0,0,10,5,1,14,0,0
110,56285981500,Nagornov D.,1,1,0,3,0,6,0,0,5,4,1,11,2,0
111,56289798500,Aleksandrov V.I.,2,1,0,2,1,3,2,1,3,6,3,6,0,0
112,56289818900,Boduen A.,4,1,0,3,0,4,4,1,4,11,2,8,0,0
113,56290154600,Mashevskiy G.N.,0,0,0,1,1,0,0,0,2,1,1,2,0,0
114,56290305300,Nikolaeva N.,3,1,0,5,2,14,3,2,32,11,5,46,0,0
115,56292368900,Kovalenko A.I.,2,0,0,2,0,2,1,0,0,5,0,2,0,0
116,56308406100,Nikolaev N.I.,4,1,0,3,1,9,0,0,6,7,2,15,0,0
117,56330093400,Romashev A.,4,1,2,3,2,12,2,2,16,9,5,30,0,0
118,56333169900,Yakubovskiy M.M.,0,0,0,1,1,0,0,0,0,1,1,0,0,0
119,56333671700,Alekseenko A.V.,3,1,7,3,2,27,4,2,50,10,5,84,2,0
120,56350634600,Romanchikov A.,6,0,1,1,0,4,0,0,2,7,0,7,0,0
121,56350805200,Kovyazin V.,15,0,2,5,1,7,1,0,7,21,1,16,0,0
122,56358610400,Ivanov V.,4,0,0,2,0,4,2,1,12,8,1,16,0,0
123,56367311300,Belsky A.A.,6,0,3,1,0,13,3,2,17,10,2,33,1,0
124,56367825800,Dobush V.S.,4,0,3,3,1,8,2,1,16,9,2,27,1,0
125,56367920000,Ivanchenko D.I.,3,0,0,3,1,4,0,0,9,6,1,13,0,0
126,56369857300,Borovikov I.,1,0,0,2,1,0,0,0,2,3,1,2,0,0
127,56395325900,Voytekhovsky Y.U.,5,2,0,1,1,0,1,1,5,7,4,5,0,0
128,56400934800,Grokhotov E.I.,1,0,0,1,1,0,1,1,1,3,2,1,0,0
129,56401742300,Savichev A.A.,0,0,0,1,1,1,0,0,0,1,1,1,0,0
130,56401906000,Senchina N.P.,2,0,0,1,1,5,0,0,6,3,1,11,0,0
131,56416375100,Tsinkoburova M.G.,0,0,0,1,0,0,0,0,0,1,0,0,0,0
132,56416418700,Rastvorova I.I.,1,0,0,4,0,4,3,0,5,8,0,9,0,0
133,56430794000,Rahmani K.,1,0,0,0,0,1,0,0,2,1,0,3,0,0
134,56434007700,Chernyshev A.B.,1,0,0,0,0,2,0,0,3,1,0,5,0,0
135,56443684000,Lyagova А.А.,1,0,0,1,1,0,1,1,1,3,2,1,0,0
136,56446982600,Kuznetsov V.A.,0,0,0,1,0,0,0,0,0,1,0,0,0,0
137,56462968700,Demekhin D.N.,0,0,0,0,0,0,1,1,0,1,1,0,0,0
138,56465735900,Ilyushin Y.,4,0,5,1,0,9,7,2,22,12,2,36,1,4
139,56465922200,Pervukhin D.,1,0,0,0,0,1,0,0,1,1,0,2,0,0
140,56479915200,Lebedev V.A.,8,0,0,3,1,3,1,0,8,12,1,11,2,0
141,56480608500,Machevariani M.M.,0,0,0,3,2,9,0,0,14,3,2,23,0,0
142,56491033700,Sharapova D.M.,3,1,0,1,0,2,0,0,6,4,1,8,0,0
143,56494279400,Danilov A.,2,0,0,3,1,3,1,0,19,6,1,22,0,0
144,56494853100,Ponomareva M.A.,3,2,0,4,1,12,1,1,24,8,4,36,0,0
145,56500313800,Nazarenko M.Y.,2,1,0,4,2,9,1,1,11,7,4,20,0,0
146,56509413200,Lvov V.V.,1,1,0,3,2,2,3,2,13,7,5,15,0,0
147,56520083800,Strakhova A.A.,1,0,0,0,0,0,0,0,0,1,0,0,0,0
148,56530711300,Bykova E.N.,3,1,1,3,2,5,2,1,4,8,4,10,1,0
149,56530715400,Sishchuk J.,4,1,0,0,0,6,0,0,5,4,1,11,1,0
150,56535304400,Kazanin O.,4,2,0,3,1,11,3,2,39,10,5,50,0,0
151,56538362200,Minakova T.,0,0,0,2,0,0,1,1,1,3,1,1,0,0
152,56556036500,Ivanov P.,1,0,1,2,0,4,0,0,4,3,0,9,0,0
153,56556193100,Mikhailova E.,1,0,0,1,1,0,0,0,1,2,1,1,0,0
154,56556269000,Tarasenko A.,3,0,0,1,1,1,1,0,3,5,1,4,0,0
155,56574957700,Vladimirovna P.T.,4,0,5,9,2,25,4,1,48,17,3,78,3,1
156,56590047800,Ilinova A.,5,2,6,7,2,44,1,1,56,13,5,106,8,0
157,56596734600,Podoliyk A.V.,1,0,0,0,0,0,0,0,1,1,0,1,0,0
158,56606743900,Nikiforov A.A.,0,0,0,1,0,0,0,0,0,1,0,0,0,0
159,56609293100,Morenov V.,4,1,0,10,2,26,6,1,55,20,4,81,1,0
160,56609312400,Leusheva E.,5,1,0,7,2,20,6,1,46,18,4,66,0,0
161,56613023000,Lebedeva O.,0,0,0,1,0,0,0,0,1,1,0,1,0,0
162,56641439900,Dorofeev D.,2,1,0,6,2,1,2,2,1,10,5,2,1,0
163,56641629000,Baburin S.V.,1,0,1,1,0,4,0,0,4,2,0,9,1,0
164,56669379000,Rozanov A.,0,0,0,1,0,0,0,0,0,1,0,0,0,0
165,56669729600,Alexandr G.,4,2,4,2,1,14,5,2,9,11,5,27,0,1
166,56669831500,Magomet R.D.,1,0,0,1,0,5,0,0,9,2,0,14,0,0
167,56669855100,Smirniakov V.V.,0,0,0,1,0,1,2,2,7,3,2,8,0,1
168,56669860700,Trushko O.V.,2,0,0,1,1,3,0,0,3,3,1,6,0,0
169,56669874800,Smirniakova V.V.,0,0,0,2,0,3,2,2,8,4,2,11,0,1
170,56670997500,Kuranov A.,1,0,0,2,1,1,0,0,4,3,1,5,0,0
171,56672478800,Petrov D.,2,1,0,1,0,2,1,1,10,4,2,12,0,0
172,56673503800,Ivanov S.,7,1,0,12,2,9,4,1,24,23,4,33,1,0
173,56674780300,Zvonarev I.,1,1,0,3,1,2,1,1,5,5,3,7,0,0
174,56682847200,Tropov I.A.,1,1,0,2,1,0,3,1,6,6,3,6,0,0
175,56712114100,Grabovskiy A.Y.,0,0,0,3,1,1,2,1,1,5,2,2,0,0
176,56731009700,Kurtenkov R.V.,4,2,1,3,1,10,0,0,5,7,3,16,0,0
177,56742988500,Shishkin E.V.,0,0,0,1,1,0,1,1,0,2,2,0,0,0
178,56764320900,Kononov P.V.,1,0,0,3,2,0,1,1,3,5,3,3,0,0
179,56779987000,Chupin S.,3,1,0,2,1,4,2,1,15,7,3,19,0,0
180,56789573200,Smirnova O.,6,2,1,11,2,27,2,1,128,19,5,156,2,0
181,56809376600,Trofimets V.Y.,1,0,0,3,0,0,2,0,2,6,0,2,1,0
182,56810858700,Kotova E.L.,1,1,0,4,1,4,5,1,6,10,3,10,0,0
183,56868639000,Klimenkov B.D.,0,0,0,1,0,1,0,0,0,1,0,1,0,0
184,56888708200,Khubetsov A.A.,1,0,0,0,0,0,0,0,0,1,0,0,0,0
185,56912416000,Darin A.A.,1,0,0,0,0,0,0,0,0,1,0,0,0,0
186,56915317300,Zakharov A.V.,0,0,0,0,0,0,1,0,0,1,0,0,0,0
187,56946516700,Seregin A.S.,1,0,0,0,0,1,3,1,5,4,1,6,0,0
188,56946762600,Kotiukov P.V.,2,0,1,0,0,6,0,0,6,2,0,13,0,0
189,56990401000,Belyakov N.A.,0,0,0,1,1,3,4,1,7,5,2,10,0,0
190,56996017000,Mustafin M.G.,2,0,0,3,1,1,1,0,4,6,1,5,0,0
191,56997399500,Kosovtseva T.R.,1,1,0,0,0,0,0,0,0,1,1,0,0,0
192,57003470900,Gorlenkov D.V.,0,0,0,3,1,1,1,0,4,4,1,5,0,0
193,57006798000,Shokov A.N.,2,1,0,0,0,1,0,0,2,2,1,3,0,0
194,57015158900,Petrakov D.,1,1,0,1,1,8,1,1,13,3,3,21,0,0
195,57031372700,Sergeev V.,2,2,0,5,2,8,1,1,9,8,5,17,0,0
196,57041120100,Strizhenok A.,4,0,2,4,0,10,1,1,11,9,1,23,0,0
197,57065230400,Boikov A.V.,4,1,1,3,2,19,2,1,57,9,4,77,0,0
198,57079151600,Makhovikov A.B.,3,1,3,2,1,13,1,1,32,6,3,48,4,0
199,57117630800,Vasilyeva M.,0,0,0,6,1,4,1,1,5,7,2,9,0,0
200,57118186900,Zadkov D.A.,1,0,0,2,1,3,3,2,9,6,3,12,0,7
201,57130265700,Sidorenko S.,2,1,0,1,0,3,1,0,10,4,1,13,0,0
202,57147319900,Iakovleva E.,3,1,2,4,2,11,3,1,18,10,4,31,2,0
203,57148215500,Turysheva A.V.,3,0,1,2,1,11,0,0,9,5,1,21,1,0
204,57148600700,Skamyin A.N.,6,1,1,4,1,20,3,1,20,13,3,41,1,0
205,57151357200,Fialkovsky I.,1,0,0,1,0,3,1,1,2,3,1,5,0,0
206,57164531900,Korotkova O.Y.,1,0,0,3,1,1,1,1,4,5,2,5,0,0
207,57188568215,Pashkevich M.A.,4,1,6,7,2,29,7,2,58,18,5,93,1,0
208,57188568659,Koptev V.Y.,2,0,3,3,1,7,0,0,3,5,1,13,0,0
209,57188569069,Kopteva A.V.,5,0,3,5,2,15,1,0,15,11,2,33,1,0
210,57188583794,Petkova A.P.,1,0,0,1,0,2,1,0,1,3,0,3,0,0
211,57188622662,Sidorenko A.A.,7,2,1,7,2,10,3,1,43,17,5,54,0,0
212,57188630049,Afanasova A.V.,3,0,2,5,2,11,2,1,26,10,3,39,0,0
213,57188645545,Vasilev E.A.,6,1,0,7,2,3,5,2,3,18,5,6,0,0
214,57188718147,Chukaeva M.,1,0,1,1,0,1,2,1,8,4,1,10,0,0
215,57188729205,Isakov A.,1,0,0,0,0,1,0,0,1,1,0,2,0,0
216,57188825514,Zamyatin E.O.,1,0,1,0,0,2,0,0,0,1,0,3,0,0
217,57188832852,Shklyarskiy A.Y.,3,1,2,1,0,5,0,0,0,4,1,7,0,0
218,57188845000,Korolyov I.A.,0,0,0,1,1,0,0,0,1,1,1,1,0,0
219,57188845613,Bolshunova O.M.,0,0,0,2,1,1,0,0,3,2,1,4,0,0
220,57188854115,Bardanov A.I.,2,1,0,2,0,15,1,1,10,5,2,25,0,0
221,57188854616,Timofeev I.P.,0,0,0,1,1,0,1,1,0,2,2,0,0,0
222,57188857615,Voytyuk I.N.,3,0,0,4,1,10,0,0,1,7,1,11,0,0
223,57188881030,Golovina E.I.,2,0,5,6,2,5,0,0,17,8,2,27,0,0
224,57189035533,Shubin A.A.,0,0,0,1,1,0,0,0,0,1,1,0,0,0
225,57189060081,Podoprigora D.,2,0,3,1,1,17,2,1,21,5,2,41,1,0
226,57189097234,Nikolaichuk L.,1,0,2,2,0,13,1,1,18,4,1,33,2,2
227,57189231427,Veniamin K.L.,2,0,0,0,0,0,0,0,0,2,0,0,0,0
228,57189303208,Duryagin V.,0,0,0,1,1,0,0,0,13,1,1,13,1,0
229,57189305345,Duryagina A.M.,5,1,7,0,0,10,1,1,6,6,2,23,0,0
230,57189368677,Kiba M.,0,0,0,1,0,0,0,0,0,1,0,0,0,0
231,57189377387,Krasnyy V.A.,2,0,0,1,0,2,0,0,3,3,0,5,0,0
232,57189377534,Smerdov R.,2,0,0,1,1,1,0,0,1,3,1,2,0,0
233,57189457921,Blinov P.A.,3,0,6,1,0,12,2,1,14,6,1,32,0,0
234,57189497371,Ageev A.,2,1,0,2,1,1,3,1,0,7,3,1,0,0
235,57189518828,Nikulina A.,2,1,6,1,1,9,0,0,4,3,2,19,1,0
236,57189521519,Afanasyev A.,2,1,0,4,1,0,1,0,4,7,2,4,0,0
237,57189522367,Kruk M.N.,2,1,2,0,0,2,0,0,1,2,1,5,1,0
238,57189573555,Trufanova I.S.,0,0,0,1,1,0,0,0,1,1,1,1,0,0
239,57189579334,Lavrenko S.A.,1,0,0,1,1,5,0,0,8,2,1,13,0,0
240,57189592368,Leisle A.V.,0,0,0,0,0,0,1,1,0,1,1,0,0,0
241,57189600737,Kovalski E.R.,2,1,0,0,0,0,2,2,6,4,3,6,0,0
242,57189600994,Gridina E.B.,4,1,1,1,0,26,2,1,5,7,2,32,0,0
243,57189629617,Beygi S.,0,0,0,2,1,3,0,0,4,2,1,7,0,0
244,57190258024,Kulchitskii A.A.,2,1,1,1,1,2,2,0,3,5,2,6,0,0
245,57190260327,Isheiskiy V.A.,2,1,0,2,1,5,2,1,10,6,3,15,0,0
246,57190299277,Matveeva V.,1,1,5,4,1,17,4,1,45,9,3,67,1,0
247,57190304187,Prokhorova V.B.,1,0,0,1,0,0,0,0,0,2,0,0,0,0
248,57190387559,Mironova K.V.,1,0,0,0,0,0,0,0,1,1,0,1,0,0
249,57190411558,Semenov A.S.,3,1,2,0,0,4,0,0,2,3,1,8,1,0
250,57190438687,Borel L.V.,0,0,0,0,0,0,1,1,0,1,1,0,0,0
251,57190573367,Rukavishnikov G.D.,0,0,0,0,0,0,1,0,0,1,0,0,0,1
252,57190739330,Saychenko L.,0,0,0,5,2,5,1,0,22,6,2,27,0,1
253,57190807186,Proshkin S.,1,0,0,1,0,0,0,0,0,2,0,0,0,0
254,57190859525,E.verbilo P.,0,0,0,0,0,0,4,2,2,4,2,2,0,0
255,57190874100,Trofimets E.,0,0,0,0,0,0,1,0,0,1,0,0,0,0
256,57190948891,Kushchenko A.N.,0,0,0,0,0,0,1,0,0,1,0,0,0,0
257,57190949300,Silivanov M.O.,0,0,0,2,0,0,2,1,0,4,1,0,0,0
258,57190963485,Serzhan S.L.,4,1,0,1,0,4,0,0,5,5,1,9,0,0
259,57191173025,Khusnutdinov S.I.,1,0,0,0,0,0,0,0,0,1,0,0,0,0
260,57191272251,Ikonnikov D.,1,0,0,0,0,2,0,0,1,1,0,3,0,0
261,57191279240,Trubetskaya O.V.,0,0,0,1,1,0,2,2,1,3,3,1,0,0
262,57191341737,Nutskova M.V.,2,0,8,2,0,10,0,0,13,4,0,31,1,0
263,57191525144,Popov M.A.,1,0,0,1,0,2,0,0,0,2,0,2,0,0
264,57191570588,Nevskaya M.A.,2,0,4,7,2,22,1,1,41,10,3,67,1,0
265,57191582337,Sidorkin D.I.,0,0,0,2,1,2,3,1,4,5,2,6,0,0
266,57191630342,Fedorov S.N.,2,0,0,0,0,0,2,0,3,4,0,3,0,0
267,57191636882,Tcvetkov P.,3,2,12,9,2,62,3,1,125,15,5,199,17,0
268,57191651920,Skachkova M.,2,0,1,1,0,2,2,0,2,5,0,5,0,0
269,57191692493,Dmitrieva D.,1,1,0,3,2,15,1,1,54,5,4,69,3,0
270,57191822175,Veprikov A.A.,2,1,1,0,0,7,0,0,2,2,1,10,0,0
271,57191841154,Katysheva E.,2,0,0,1,0,0,0,0,2,3,0,2,0,0
272,57191849458,Nurgalieva K.S.,2,0,6,3,1,16,6,2,53,11,3,75,1,5
273,57191850218,Vasilev Y.,2,0,0,2,2,4,1,1,17,5,3,21,2,0
274,57191883542,Voronina M.V.,1,0,0,2,1,1,0,0,2,3,1,3,0,0
275,57191896253,Churkin I.S.,1,0,0,0,0,0,0,0,0,1,0,0,0,0
276,57191922292,Lykov Y.,3,1,1,3,1,7,0,0,9,6,2,17,2,0
277,57191991483,Moroz O.,0,0,0,1,1,0,0,0,1,1,1,1,0,0
278,57191992568,Folomkin A.I.,0,0,0,1,1,0,1,1,1,2,2,1,0,0
279,57191995722,Tretyakova Z.O.,2,0,0,1,0,0,1,1,0,4,1,0,0,0
280,57192010199,Simakov A.M.,0,0,0,0,0,0,1,0,0,1,0,0,0,0
281,57192098143,Galevskiy S.G.,7,0,0,0,0,4,2,1,2,9,1,6,0,0
282,57192118833,Ochkurov V.I.,0,0,0,1,1,0,1,1,0,2,2,0,0,0
283,57192376914,Novozhenin S.U.,1,0,0,0,0,1,0,0,0,1,0,1,0,0
284,57192377694,Vystrchil M.G.,2,0,0,0,0,2,0,0,0,2,0,2,0,0
285,57192555057,Gulkov Y.V.,3,0,1,0,0,5,0,0,6,3,0,12,0,0
286,57192556020,Kireeva E.V.,0,0,0,1,1,1,1,0,6,2,1,7,0,0
287,57192573065,Ivkin A.S.,1,0,0,0,0,0,1,0,2,2,0,2,0,0
288,57192586999,Silvanovich O.V.,1,0,0,1,0,0,0,0,0,2,0,0,0,0
289,57192704379,Avdeev A.М.,0,0,0,0,0,0,1,1,0,1,1,0,0,0
290,57192981373,Kutepov Yu.I.,2,1,0,3,1,4,2,1,19,7,3,23,0,0
291,57192982854,Kutepova N.A.,1,1,0,2,1,4,2,1,12,5,3,16,0,0
292,57193208502,Kryltcov S.,0,0,0,1,1,0,0,0,6,1,1,6,1,0
293,57193262736,Poddubniy D.A.,1,0,0,0,0,0,0,0,1,1,0,1,0,0
294,57193316190,Suprun I.K.,4,0,0,0,0,4,0,0,2,4,0,6,0,0
295,57193318427,Chanysheva A.,3,2,5,2,1,26,0,0,22,5,3,53,1,0
296,57193318889,Petrov D.S.,1,0,0,0,0,2,1,0,3,2,0,5,0,0
297,57193338675,Gorelikov V.G.,1,0,0,0,0,0,0,0,0,1,0,0,0,0
298,57193391174,Sverchkov I.,1,0,1,1,0,1,2,1,8,4,1,10,0,0
299,57193449722,Penkov G.M.,0,0,0,0,0,0,1,1,4,1,1,4,0,0
300,57193484151,Raupov I.R.,0,0,0,1,1,1,5,2,21,6,3,22,2,0
301,57193625061,Khaikin M.,2,1,2,4,1,9,0,0,2,6,2,13,0,0
302,57193736467,Korolev N.,1,0,0,3,1,0,1,1,16,5,2,16,1,0
303,57193736584,Gluhanich D.Y.,1,0,0,1,0,1,1,1,6,3,1,7,1,0
304,57193742308,Liudmila G.,1,0,0,0,0,0,0,0,0,1,0,0,0,0
305,57193743673,Shabalov M.,0,0,0,5,1,5,0,0,26,5,1,31,2,0
306,57193751854,Safiullin R.N.,0,0,0,2,0,0,3,1,9,5,1,9,0,0
307,57193850194,Sudarikov A.E.,1,0,0,2,2,0,0,0,3,3,2,3,0,0
308,57193855171,Merkulova V.A.,1,0,0,0,0,0,1,1,0,2,1,0,0,0
309,57193878528,Pelenev D.N.,1,0,0,1,0,3,2,0,0,4,0,3,0,6
310,57193925245,Ignatiev S.A.,1,0,0,7,2,1,1,0,11,9,2,12,0,0
311,57193997360,Fomin S.I.,1,0,0,0,0,2,1,1,1,2,1,3,0,0
312,57193998292,Sharok V.V.,3,0,0,1,1,0,1,1,2,5,2,2,0,0
313,57194024584,Erokhina O.O.,4,2,3,1,1,13,1,0,31,6,3,47,0,0
314,57194045440,Sarapulova T.V.,1,0,0,0,0,1,0,0,0,1,0,1,0,0
315,57194050221,Volokitina A.A.,1,0,0,0,0,0,0,0,0,1,0,0,0,0
316,57194051403,Yakovlev S.A.,1,0,0,1,0,2,1,0,0,3,0,2,0,0
317,57194095874,Ponomarenko M.R.,1,1,0,1,1,0,1,1,7,3,3,7,0,0
318,57194154402,Iliyna A.,1,1,0,1,0,4,0,0,4,2,1,8,0,0
319,57194181550,Tulin P.K.,0,0,0,1,1,0,1,1,0,2,2,0,0,0
320,57194197883,Potseshkovskaya I.V.,0,0,0,2,0,0,0,0,0,2,0,0,0,0
321,57194205096,Korzhev A.A.,0,0,0,1,0,1,1,1,0,2,1,1,0,0
322,57194233889,Korobitcyna M.,0,0,0,1,1,0,0,0,6,1,1,6,1,0
323,57194235065,Belitskiy A.A.,0,0,0,2,0,1,1,0,0,3,0,1,0,0
324,57194280216,Ivanov A.V.,2,0,0,4,1,8,2,1,20,8,2,28,0,0
325,57194340936,Kovalchuk M.S.,2,0,0,2,0,3,0,0,8,4,0,11,1,0
326,57194419548,Merzlyakov M.Y.,1,0,0,0,0,0,0,0,0,1,0,0,0,0
327,57194462939,Vakhnina E.G.,3,0,2,1,0,1,1,0,1,5,0,4,0,0
328,57194463964,Elmurzaev M.A.,2,0,0,2,0,1,1,0,0,5,0,1,0,0
329,57194472580,Vakhnin N.A.,2,0,0,3,1,2,0,0,2,5,1,4,0,0
330,57194473635,Korostelev E.N.,1,0,0,1,0,0,1,0,0,3,0,0,0,0
331,57194544768,Valkov V.,1,0,0,0,0,0,1,0,0,2,0,0,0,0
332,57194551094,Kuzin A.A.,0,0,0,2,0,1,0,0,0,2,0,1,0,0
333,57194586019,Iungemeister D.A.,4,0,0,3,2,1,6,2,17,13,4,18,0,0
334,57194586971,Avksentiev S.Yu.,0,0,0,1,1,0,1,1,1,2,2,1,0,0
335,57194587676,Chernobay V.I.,2,0,0,0,0,4,2,1,2,4,1,6,0,0
336,57194588491,Shishkin P.,0,0,0,2,0,0,0,0,3,2,0,3,0,0
337,57194588573,Makharatkin P.N.,1,0,0,1,1,2,2,1,2,4,2,4,0,0
338,57194590586,Ilyukhin D.A.,2,1,1,0,0,3,0,0,6,2,1,10,0,0
339,57194593212,Sannikova A.P.,0,0,0,0,0,0,1,1,0,1,1,0,0,0
340,57194598687,Kovalevsky V.N.,2,0,0,1,0,2,2,1,3,5,1,5,0,0
341,57194603574,Chvileva T.,2,1,0,0,0,4,0,0,3,2,1,7,0,0
342,57194603964,Moldovan D.V.,2,0,0,0,0,4,1,1,2,3,1,6,0,0
343,57194611831,Shaidulina A.A.,0,0,0,1,1,0,1,1,24,2,2,24,0,0
344,57194613446,Rudko V.A.,3,2,0,8,2,10,9,2,73,20,6,83,4,0
345,57194658235,Marinin M.A.,1,0,0,4,2,5,1,1,23,6,3,28,1,0
346,57194685932,Romanova N.A.,0,0,0,1,0,0,0,0,0,1,0,0,0,0
347,57194700937,Kiselev V.,1,0,0,2,1,0,1,1,4,4,2,4,0,0
348,57194705684,Demidova P.,3,0,0,0,0,0,0,0,2,3,0,2,0,0
349,57194705887,Nikiforova V.S.,2,0,0,1,0,2,2,2,0,5,2,2,0,0
350,57195153750,Karibov V.R.,0,0,0,2,0,0,0,0,0,2,0,0,0,0
351,57195275333,Lebedeva Y.A.,2,0,1,0,0,6,0,0,6,2,0,13,0,0
352,57195316170,Leontiev V.I.,1,1,0,1,1,2,0,0,2,2,2,4,0,0
353,57195319181,Bushuev Y.Y.,2,2,1,0,0,0,0,0,3,2,2,4,0,0
354,57195322771,Novozhilov I.M.,1,0,0,0,0,1,0,0,2,1,0,3,0,0
355,57195332705,Pospehov G.,3,0,0,1,0,2,1,1,9,5,1,11,0,0
356,57195337967,Straupnik I.A.,1,0,0,0,0,0,2,1,0,3,1,0,0,0
357,57195357456,Chi T.N.,1,1,2,0,0,5,0,0,4,1,1,11,0,0
358,57195385942,Glazunov V.V.,4,0,0,2,1,0,1,1,0,7,2,0,0,0
359,57195464268,Salamatova E.V.,2,0,0,0,0,2,2,0,6,4,0,8,0,0
360,57195485588,Tarabarinova T.A.,0,0,0,1,0,0,0,0,3,1,0,3,0,0
361,57195503514,Borisov S.V.,0,0,0,2,1,0,0,0,3,2,1,3,0,0
362,57195542646,Mikeshin M.I.,1,0,0,2,2,0,2,0,6,5,2,6,1,0
363,57195576243,Kazantsev A.,1,0,0,0,0,0,0,0,0,1,0,0,0,0
364,57195607697,Sibirev V.N.,2,0,0,0,0,0,0,0,0,2,0,0,0,0
365,57195608263,Safina A.M.,0,0,0,1,0,0,0,0,2,1,0,2,0,0
366,57196008021,Morozov K.V.,1,0,0,0,0,0,1,1,0,2,1,0,0,0
367,57196052844,Vasilenko N.,2,1,3,0,0,11,0,0,1,2,1,15,0,0
368,57196220530,Kireeva V.I.,0,0,0,1,0,0,0,0,1,1,0,1,0,0
369,57196221055,Volohov E.,1,0,0,1,1,0,0,0,0,2,1,0,0,0
370,57196234473,Goman I.V.,0,0,0,0,0,0,1,1,0,1,1,0,0,0
371,57196236980,Tsvetkova A.,3,1,0,2,1,8,1,1,22,6,3,30,2,0
372,57196247045,Makhova L.,2,1,2,2,1,9,0,0,4,4,2,15,0,0
373,57196257394,Afanasev P.,3,1,0,1,1,8,0,0,5,4,2,13,0,0
374,57196257503,Babkin R.,0,0,0,1,1,0,0,0,2,1,1,2,0,0
375,57196257682,Alekseeva L.B.,1,0,0,1,0,0,0,0,0,2,0,0,0,0
376,57196257917,Dolzhikov V.V.,1,0,0,1,1,0,2,1,2,4,2,2,0,0
377,57196258182,Romanova V.S.,0,0,0,1,0,0,0,0,1,1,0,1,0,0
378,57196258620,Zimin R.Y.,1,0,0,1,1,5,1,1,14,3,2,19,0,0
379,57196259637,Grudinin N.N.,1,0,0,0,0,2,0,0,0,1,0,2,0,0
380,57196260367,Ershov D.,1,0,0,2,0,1,2,0,1,5,0,2,0,0
381,57196260711,Mikhailov A.,1,0,0,6,2,1,4,1,6,11,3,7,1,0
382,57196260776,Yaroshenko V.V.,1,1,0,1,1,4,0,0,8,2,2,12,0,0
383,57196261139,Gunkin A.,1,0,0,2,0,0,1,0,0,4,0,0,0,0
384,57196262504,Mysin A.V.,2,0,0,1,0,2,2,1,3,5,1,5,0,0
385,57196262665,Malarev V.I.,2,0,3,1,0,4,1,1,3,4,1,10,0,0
386,57196274229,Lange I.Yu.,2,0,1,0,0,6,0,0,6,2,0,13,0,0
387,57196274472,Palaev A.G.,3,0,0,1,0,4,1,1,5,5,1,9,0,1
388,57196274609,Piirainen V.,2,0,0,3,1,3,2,1,4,7,2,7,0,0
389,57196274898,Fetisov V.,1,1,0,2,2,8,3,2,12,6,5,20,8,3
390,57196276422,Alekseev I.V.,1,1,0,0,0,2,0,0,2,1,1,4,0,0
391,57196276566,Dzhabbarov S.N.,2,0,0,0,0,0,0,0,1,2,0,1,0,0
392,57196276810,Vasilyev V.V.,1,1,0,1,1,2,0,0,2,2,2,4,0,0
393,57196276976,Chitalov L.S.,1,1,0,2,1,2,0,0,6,3,2,8,0,0
394,57196279711,Korshunov G.I.,4,1,0,4,2,9,4,1,50,12,4,59,1,1
395,57196280159,Borisova L.G.,1,0,0,0,0,0,0,0,0,1,0,0,0,0
396,57196606898,Aleksandrov A.V.,1,0,0,0,0,1,0,0,0,1,0,1,0,0
397,57196861001,Konovalov G.V.,1,1,0,0,0,0,0,0,0,1,1,0,0,0
398,57197516891,Pavlov V.I.,1,0,0,0,0,0,0,0,0,1,0,0,0,0
399,57197553456,Potapov A.I.,3,1,2,5,0,6,0,0,8,8,1,16,0,0
400,57197670245,Morozov V.,1,0,0,0,0,4,0,0,2,1,0,6,0,0
401,57197719392,Zubkova O.S.,2,1,1,1,1,8,2,1,11,5,3,20,0,0
402,57197766229,Suchkov D.V.,1,0,0,2,1,1,2,2,18,5,3,19,4,0
403,57197816582,Radushinsky D.,1,0,0,0,0,3,0,0,0,1,0,3,0,0
404,57197835370,Kuskildin R.B.,0,0,0,2,0,2,0,0,2,2,0,4,0,0
405,57198431905,Sytko I.I.,1,0,0,1,0,2,0,0,0,2,0,2,0,0
406,57198448214,Pomortseva A.A.,4,0,0,3,0,0,0,0,7,7,0,7,0,0
407,57199170285,Serdiuk N.A.,0,0,0,0,0,0,1,1,0,1,1,0,0,0
408,57199258554,Khokhlov S.V.,0,0,0,2,2,0,1,1,9,3,3,9,0,0
409,57200044309,Lomakina E.S.,1,0,0,0,0,3,0,0,0,1,0,3,0,0
410,57200069192,Dobush I.,0,0,0,3,1,2,1,0,8,4,1,10,1,0
411,57200084003,Bazyrov I.,1,0,0,0,0,0,0,0,1,1,0,1,0,0
412,57200110094,Batyrov A.M.,0,0,0,0,0,0,1,0,0,1,0,0,0,0
413,57200257237,Grudyaeva E.K.,0,0,0,2,0,0,0,0,3,2,0,3,0,0
414,57200447013,Simakov A.S.,0,0,0,1,0,0,0,0,1,1,0,1,0,0
415,57200450221,Hiller O.G.M.,0,0,0,1,1,0,1,1,0,2,2,0,0,0
416,57200727742,Savelev R.,2,1,1,2,1,11,0,0,34,4,2,46,0,0
417,57200729890,Payor V.,2,1,1,2,1,11,1,1,35,5,3,47,0,0
418,57200819161,Ignatovich A.S.,0,0,0,1,1,0,0,0,1,1,1,1,0,0
419,57200941534,Sirenko Y.,1,0,0,2,0,1,0,0,4,3,0,5,0,0
420,57201009108,Vasilyeva N.,3,1,3,3,2,17,3,1,59,9,4,79,0,0
421,57201090688,Zotova I.,1,1,0,1,1,4,0,0,1,2,2,5,0,0
422,57201198059,Palamarchuk R.S.,1,1,0,0,0,2,0,0,2,1,1,4,0,0
423,57201356109,Gromov M.M.,1,0,0,2,0,2,1,0,0,4,0,2,0,0
424,57201356445,Dubrovskaya Y.A.,1,0,0,4,1,1,1,0,1,6,1,2,0,0
425,57201368201,Novikova E.S.,1,0,0,3,0,0,1,0,0,5,0,0,0,0
426,57201392845,Smolin A.V.,1,1,0,0,0,0,0,0,4,1,1,4,0,0
427,57201396593,Nguyen V.S.,0,0,0,1,1,0,0,0,0,1,1,0,0,0
428,57201615009,Lavrik A.Y.,2,1,1,3,2,1,1,1,28,6,4,30,2,0
429,57201717943,Martynov S.A.,0,0,0,1,1,0,2,1,3,3,2,3,0,0
430,57201743613,Pharoe B.L.,4,2,1,2,1,2,0,0,3,6,3,6,0,0
431,57201772648,Vinogradova A.A.,0,0,0,2,0,0,2,1,0,4,1,0,0,0
432,57201778449,Fedorova E.,1,1,0,1,1,9,1,1,25,3,3,34,0,0
433,57201780004,Efimov A.,1,0,0,2,1,5,1,1,5,4,2,10,0,0
434,57202015015,Koshenkova A.,0,0,0,1,1,1,0,0,23,1,1,24,2,0
435,57202061187,Samylovskaya E.,2,1,0,0,0,1,5,2,26,7,3,27,1,0
436,57202188124,Oleynik I.L.,1,0,0,1,1,0,0,0,3,2,1,3,0,0
437,57202204496,Lutskiy D.,2,0,0,2,1,3,1,1,4,5,2,7,0,0
438,57202279758,Kopylova N.,1,0,0,1,0,2,1,0,0,3,0,2,0,0
439,57202291236,Golikov N.S.,1,0,0,0,0,0,2,1,0,3,1,0,0,1
440,57202303975,Shpenst V.A.,1,0,0,7,0,3,2,0,12,10,0,15,0,2
441,57202346922,Kuchin V.N.,2,0,2,1,1,4,0,0,15,3,1,21,1,0
442,57202389409,Sazonova N.N.,1,0,0,0,0,0,1,0,0,2,0,0,0,0
443,57202503248,Starshaia V.V.,2,0,3,3,1,12,1,1,47,6,2,62,4,0
444,57202516330,Krotova S.Y.,2,0,0,0,0,1,1,1,0,3,1,1,0,0
445,57202724679,Petrov P.A.,2,1,0,3,1,7,0,0,21,5,2,28,0,0
446,57202763773,Sankovsky A.A.,0,0,0,0,0,0,1,1,1,1,1,1,0,0
447,57202790867,Kabanov E.I.,2,1,0,2,1,6,4,1,29,8,3,35,0,2
448,57202798891,Kolvakh K.A.,2,1,1,0,0,14,0,0,9,2,1,24,0,0
449,57202923447,Rodionov V.A.,0,0,0,2,2,1,6,2,12,8,4,13,0,0
450,57202961862,Vinogradov K.P.,0,0,0,0,0,0,1,0,0,1,0,0,0,0
451,57202987167,Nefedov Y.V.,5,0,14,5,1,18,2,2,24,12,3,56,2,0
452,57202992416,Blinkova E.Y.,1,0,0,0,0,1,0,0,0,1,0,1,0,0
453,57203001487,Karelina N.V.,1,0,0,0,0,0,0,0,1,1,0,1,0,0
454,57203078609,Noskov V.A.,2,0,1,0,0,0,1,0,0,3,0,1,0,0
455,57203114924,Kulikova N.V.,1,0,0,0,0,0,0,0,0,1,0,0,0,0
456,57203118026,Danilev S.M.,6,1,0,3,1,7,1,1,4,10,3,11,0,0
457,57203210887,Baltyzhakova T.,0,0,0,1,0,0,0,0,0,1,0,0,0,0
458,57203416529,Terleev A.V.,1,0,0,3,0,10,0,0,9,4,0,19,0,0
459,57203749449,Shammazov I.A.,1,0,0,2,0,4,3,0,5,6,0,9,0,0
460,57203859606,Le Quang P.,3,1,0,0,0,4,2,2,6,5,3,10,1,0
461,57203900803,Lapinskas A.,1,1,2,1,0,9,0,0,2,2,1,13,0,0
462,57203946499,Belousov A.E.,1,0,3,0,0,4,1,1,3,2,1,10,0,0
463,57204217965,Bagautdinov I.I.,2,0,0,0,0,1,1,0,0,3,0,1,0,0
464,57204336384,Kornev A.V.,0,0,0,3,2,1,2,1,18,5,3,19,0,1
465,57204365469,Koltsova E.A.,0,0,0,0,0,0,3,1,2,3,1,2,0,0
466,57204562105,Konoplin R.R.,0,0,0,1,0,0,2,1,18,3,1,18,0,0
467,57204568727,Smyshlyaeva K.I.,0,0,0,3,2,1,2,2,29,5,4,30,2,0
468,57204582155,Eremeeva A.,3,0,0,1,1,3,2,1,22,6,2,25,1,1
469,57204657838,Shestakova I.,0,0,0,1,1,0,4,2,2,5,3,2,0,0
470,57204696666,Oblova I.S.,3,1,0,1,1,5,2,2,7,6,4,12,0,0
471,57204703955,Afanaseva O.V.,2,0,0,1,0,4,3,1,17,6,1,21,1,0
472,57204704967,Ovchinnikova E.N.,2,0,0,0,0,1,1,1,0,3,1,1,0,0
473,57204705171,Potemkin V.A.,1,0,1,1,1,1,0,0,3,2,1,5,0,0
474,57204706449,Asadulagi M.-A.M.,0,0,0,0,0,0,2,1,0,2,1,0,0,0
475,57204707110,Buldysko A.,1,0,1,4,2,9,0,0,71,5,2,81,4,0
476,57204709040,Matveev V.P.,1,0,0,0,0,0,0,0,0,1,0,0,0,0
477,57204709387,Batueva D.E.,0,0,0,3,1,3,1,1,27,4,2,30,2,0
478,57204710187,Yachmenova L.A.,0,0,0,1,1,0,1,1,1,2,2,1,0,0
479,57204710928,Ivanov M.A.,1,1,0,2,1,0,0,0,1,3,2,1,0,0
480,57204711157,Goncharova M.,0,0,0,0,0,0,1,1,0,1,1,0,0,0
481,57204711402,Zuev B.Y.,2,0,0,1,1,3,0,0,5,3,1,8,0,0
482,57204824394,Volkodaeva M.V.,1,1,0,1,0,1,1,0,1,3,1,2,0,0
483,57204828661,Kholmskiy A.V.,1,0,0,0,0,0,1,1,2,2,1,2,0,0
484,57204830413,Shikhov A.I.,1,0,0,3,0,5,1,1,6,5,1,11,0,1
485,57204831962,Trushnikov V.E.,4,0,0,0,0,2,1,0,1,5,0,3,0,0
486,57204832264,Zaripova N.А.,0,0,0,3,1,0,0,0,2,3,1,2,0,0
487,57204835864,Vatlina A.M.,0,0,0,3,1,2,0,0,2,3,1,4,0,0
488,57204838736,Khudyakova I.N.,0,0,0,1,0,1,1,1,5,2,1,6,0,0
489,57204842378,Babyr N.,1,0,0,4,1,7,3,2,66,8,3,73,2,8
490,57204843428,Lyakh D.D.,0,0,0,0,0,0,1,1,5,1,1,5,0,0
491,57204847670,Vagapova E.A.,0,0,0,1,0,1,0,0,0,1,0,1,0,0
492,57204851451,Nazarova M.N.,4,0,3,1,0,8,0,0,5,5,0,16,0,0
493,57204866216,Brichkin V.N.,7,2,2,6,1,19,3,0,30,16,3,51,0,0
494,57204907537,Kudinova A.A.,0,0,0,1,0,0,1,1,3,2,1,3,1,0
495,57204932155,Kondakova V.N.,2,0,0,1,0,0,1,1,7,4,1,7,0,0
496,57205045969,Pasynkov A.,2,0,1,0,0,6,0,0,3,2,0,10,0,0
497,57205082977,Kornilov Y.N.,2,0,0,1,0,1,0,0,0,3,0,1,0,0
498,57205114915,Derkunskii I.O.,0,0,0,0,0,0,1,1,1,1,1,1,0,0
499,57205114918,Gabdulkhakov R.R.,2,1,0,3,2,7,6,2,49,11,5,56,1,0
500,57205144384,Sobyanina D.O.,0,0,0,2,1,0,1,0,2,3,1,2,0,0
501,57205158690,Beloglazov I.I.,4,2,1,5,2,20,4,1,91,13,5,112,0,0
502,57205165624,Grebneva A.,0,0,0,2,1,1,0,0,2,2,1,3,0,0
503,57205193466,Alferova D.A.,2,1,0,0,0,3,0,0,0,2,1,3,0,0
504,57205193653,Chudakova N.V.,1,0,0,0,0,0,0,0,0,1,0,0,0,0
505,57205193765,Ivanova P.,2,1,0,6,1,7,2,1,6,10,3,13,1,0
506,57205194154,Volchikhina A.A.,0,0,0,1,1,0,0,0,0,1,1,0,0,0
507,57205195970,Schipachev A.M.,4,0,0,4,1,4,4,2,7,12,3,11,4,3
508,57205197989,Kuvshinkin S.Y.,1,1,0,1,0,5,0,0,5,2,1,10,0,0
509,57205199980,Leontyuk S.M.,0,0,0,1,0,0,0,0,0,1,0,0,0,0
510,57205200769,Zakirova G.S.,0,0,0,1,0,0,0,0,0,1,0,0,0,0
511,57205202235,Gromyka D.S.,1,0,0,3,1,3,1,0,3,5,1,6,0,0
512,57205246063,Suvorova Z.V.,0,0,0,1,1,0,0,0,2,1,1,2,0,0
513,57205284936,Sandyga M.S.,2,1,7,0,0,12,0,0,20,2,1,39,0,0
514,57205335882,Gerasimova I.G.,3,1,0,1,1,5,3,2,8,7,4,13,0,0
515,57205427009,Kunshin A.,2,0,0,3,1,21,1,1,36,6,2,57,2,0
516,57205492633,Alexeev A.I.,2,1,1,1,1,8,1,0,9,4,2,18,0,0
517,57205543608,Korelskiy D.S.,1,0,2,2,0,2,0,0,3,3,0,7,0,0
518,57205566125,Evseeva O.,1,0,0,2,2,4,0,0,12,3,2,16,0,0
519,57205571393,Plashchinsky V.A.,2,1,0,2,1,2,1,1,21,5,3,23,0,0
520,57205576928,Ganzulenko O.Y.,3,0,0,1,0,2,1,0,1,5,0,3,0,0
521,57205581018,Chirkova O.S.,1,0,0,0,0,0,0,0,1,1,0,1,0,0
522,57205584461,Sundurov A.V.,0,0,0,2,1,1,0,0,1,2,1,2,0,0
523,57205586301,Konchus D.,2,0,0,2,1,0,1,0,9,5,1,9,0,0
524,57205587834,Yacheikin A.I.,2,0,0,2,2,1,0,0,10,4,2,11,0,0
525,57205616190,Lukyantseva E.S.,0,0,0,2,1,1,0,0,2,2,1,3,0,0
526,57205638534,Do N.-H.,3,2,12,0,0,33,0,0,33,3,2,78,0,0
527,57205743011,Bazhukov A.A.,0,0,0,1,1,0,0,0,0,1,1,0,0,0
528,57206469227,Kukharova T.V.,1,0,0,3,0,2,2,1,16,6,1,18,0,0
529,57206480265,Nguyen K.L.,4,0,0,1,1,1,0,0,2,5,1,3,0,0
530,57206657220,Zaur A.,0,0,0,0,0,0,1,1,2,1,1,2,0,0
531,57206661644,Ovsyannikov M.P.,2,0,0,0,0,3,0,0,2,2,0,5,0,0
532,57206664377,Ligotsky D.,4,1,0,2,0,2,0,0,6,6,1,8,0,0
533,57206669213,Dzyurich D.,1,0,0,0,0,0,1,1,2,2,1,2,0,0
534,57206722475,Tumanov M.V.,0,0,0,2,0,1,2,1,6,4,1,7,0,0
535,57206723347,Alekseev A.,0,0,0,1,1,3,2,2,12,3,3,15,0,0
536,57207040142,Ilyashenko I.S.,1,0,0,1,0,4,1,1,2,3,1,6,1,1
537,57207450602,Eldeeb A.B.,3,2,1,2,1,8,1,0,6,6,3,15,0,0
538,57207457341,Bormotov I.S.,1,0,0,3,1,0,0,0,2,4,1,2,0,0
539,57207740243,Lebedev A.B.,1,0,0,0,0,0,3,2,6,4,2,6,0,0
540,57207815549,Kostenko B.V.,0,0,0,1,1,0,0,0,1,1,1,1,0,0
541,57207888478,Islamov S.,2,0,4,5,2,16,1,1,80,8,3,100,2,0
542,57207889346,Bondarenko A.V.,1,0,0,1,0,1,1,1,18,3,1,19,0,0
543,57207980404,Vasilkov O.S.,2,1,0,1,0,9,0,0,12,3,1,21,0,0
544,57207984115,Babyr K.V.,1,0,0,3,0,3,4,0,2,8,0,5,0,11
545,57207987284,Pudkova T.V.,0,0,0,1,0,4,0,0,2,1,0,6,0,0
546,57207988191,Zamyatina E.N.,2,0,1,0,0,2,0,0,0,2,0,3,0,0
547,57207993401,Smirnov A.I.,0,0,0,2,0,0,0,0,0,2,0,0,0,0
548,57207997080,Belova M.,3,1,0,1,1,5,2,1,8,6,3,13,0,0
549,57208009670,Alekseev V.,0,0,0,2,0,0,0,0,0,2,0,0,0,0
550,57208010072,Orlov F.A.,0,0,0,0,0,0,1,1,2,1,1,2,0,0
551,57208084004,Ilalova R.K.,1,1,0,1,0,1,1,1,0,3,2,1,0,0
552,57208119830,Solovev S.V.,0,0,0,0,0,0,1,1,1,1,1,1,0,0
553,57208133606,Tokareva O.V.,1,0,1,0,0,2,0,0,0,1,0,3,0,0
554,57208236206,Kuzkin A.Y.,1,0,0,0,0,1,0,0,1,1,0,2,0,0
555,57208318410,Iovlev G.A.,1,1,1,0,0,3,3,1,8,4,2,12,0,0
556,57208625767,Vinogradov Y.I.,1,0,0,2,2,0,0,0,3,3,2,3,0,0
557,57209136981,Munasypov R.,1,0,0,0,0,0,0,0,1,1,0,1,0,0
558,57209274431,Golod V.A.,0,0,0,1,0,0,0,0,3,1,0,3,0,0
559,57209454703,Efimov I.,0,0,0,2,2,0,3,1,20,5,3,20,2,0
560,57209774243,Vershinin M.I.,2,0,0,0,0,0,0,0,0,2,0,0,0,0
561,57209774531,Martynova E.,1,0,0,0,0,0,0,0,0,1,0,0,0,0
562,57209806343,Tung L.V.,0,0,0,2,0,1,0,0,2,2,0,3,0,0
563,57209856764,Alattar A.L.,1,1,0,1,0,3,0,0,4,2,1,7,0,0
564,57210061429,Filatova I.,2,0,2,1,0,13,0,0,16,3,0,31,2,1
565,57210103208,Fedorov A.T.,0,0,0,1,1,0,2,0,8,3,1,8,0,0
566,57210118853,Reznichenko V.V.,0,0,0,1,0,0,0,0,2,1,0,2,0,0
567,57210160351,Kuvanov Ya.A.,1,0,0,1,0,0,1,0,0,3,0,0,0,0
568,57210165156,Zherlygina E.S.,1,0,0,1,0,0,1,0,3,3,0,3,0,0
569,57210173537,Kuzhelev A.I.,2,0,0,0,0,2,0,0,1,2,0,3,0,0
570,57210176727,Fedorov A.S.,1,0,0,1,1,1,0,0,2,2,1,3,0,0
571,57210208604,Garufullin D.R.,0,0,0,0,0,0,1,1,1,1,1,1,0,0
572,57210209177,Garmaev O.Z.,1,0,0,0,0,1,0,0,0,1,0,1,0,0
573,57210311278,Pryakhin E.I.,5,1,0,4,1,3,4,1,11,13,3,14,0,0
574,57210312503,Urazbakhtin R.Y.,1,0,0,1,0,1,0,0,8,2,0,9,0,0
575,57210314150,Palyanitsin P.S.,1,0,0,0,0,0,0,0,1,1,0,1,0,0
576,57210321337,Knyazkina V.,2,0,0,2,0,1,1,1,2,5,1,3,0,0
577,57210323787,Safronchuk K.A.,2,0,0,1,1,1,0,0,2,3,1,3,0,0
578,57210475577,Kraev N.A.,0,0,0,1,0,0,0,0,3,1,0,3,0,0
579,57210743765,Miller A.A.,2,0,0,4,1,0,0,0,0,6,1,0,0,0
580,57210743877,Gorelik G.D.,2,0,0,3,1,0,1,1,0,6,2,0,0,0
581,57210744246,Pankratova K.,2,0,0,0,0,2,0,0,6,2,0,8,0,0
582,57210746455,Danileva N.A.,4,0,0,2,1,4,1,1,0,7,2,4,0,0
583,57210912032,Solovyova V.,3,1,1,3,1,6,2,2,25,8,4,32,3,0
584,57210913380,Yakovleva Y.A.,1,0,0,2,1,0,0,0,1,3,1,1,0,0
585,57210915517,Alakshin A.E.,0,0,0,0,0,0,1,0,0,1,0,0,0,0
586,57210929848,Mikhailovsky S.P.,1,0,0,1,0,1,1,0,0,3,0,1,0,0
587,57211139680,Elbendari A.,1,1,0,1,1,4,1,1,14,3,3,18,0,0
588,57211201290,Romanenko M.,1,0,0,0,0,0,0,0,0,1,0,0,0,0
589,57211207403,Vinogradova E.V.,0,0,0,1,1,0,3,1,1,4,2,1,0,0
590,57211208336,Kitcenko A.A.,4,0,0,1,1,4,0,0,1,5,1,5,0,0
591,57211241178,Smirnova E.E.,0,0,0,1,0,0,0,0,0,1,0,0,0,0
592,57211292020,Mukminova D.,1,0,0,1,1,0,0,0,0,2,1,0,0,0
593,57211297562,Krasnoukhova D.Y.,0,0,0,0,0,0,1,1,0,1,1,0,0,0
594,57211372490,Krikun N.,0,0,0,2,1,0,1,1,0,3,2,0,0,0
595,57211376105,Erzova V.A.,0,0,0,2,1,0,1,1,4,3,2,4,0,0
596,57211376861,Nikolaeva E.,1,0,0,1,0,2,0,0,0,2,0,2,0,0
597,57211378070,Nikolaeva T.N.,1,1,0,0,0,2,0,0,3,1,1,5,0,0
598,57211388036,Murzo Y.,0,0,0,1,1,3,1,1,5,2,2,8,0,0
599,57211389428,Chuvileva N.,0,0,0,1,1,3,1,1,5,2,2,8,0,0
600,57211392307,Sveshnikova S.A.,0,0,0,0,0,0,1,1,3,1,1,3,0,0
601,57211404746,Kasyanov A.V.,1,0,3,0,0,4,0,0,1,1,0,8,0,0
602,57211404750,Popov G.,2,0,3,2,1,6,1,1,18,5,2,27,0,0
603,57211407959,Krivokrysenko E.A.,1,0,0,0,0,2,0,0,1,1,0,3,0,0
604,57211439343,Pshenin V.V.,1,1,0,3,1,7,3,1,7,7,3,14,3,0
605,57211665862,Goldobina L.A.,2,0,0,0,0,5,0,0,2,2,0,7,0,0
606,57211840466,Vasiliev V.V.,2,0,0,0,0,2,2,0,6,4,0,8,0,0
607,57211915520,Bakhtin E.V.,0,0,0,0,0,0,1,1,0,1,1,0,0,0
608,57211960461,Ivanova T.S.,0,0,0,2,1,1,0,0,0,2,1,1,0,0
609,57212195440,Lutonin A.S.,1,0,0,2,0,1,1,1,21,4,1,22,0,0
610,57212195675,Bogdanov I.A.,1,0,0,1,1,0,1,0,15,3,1,15,0,0
611,57212197636,Churkin B.A.,1,0,0,0,0,0,0,0,0,1,0,0,0,0
612,57212244174,Vasilenko T.A.,2,0,0,2,1,1,4,2,4,8,3,5,0,0
613,57212263300,Mustafaev A.S.,6,1,1,12,2,6,7,2,8,25,5,15,0,0
614,57212264496,Rogachev M.K.,4,1,3,3,1,36,1,0,46,8,2,85,0,0
615,57212264796,Reshneva E.,0,0,0,1,0,2,1,1,13,2,1,15,1,1
616,57212265324,Shklyarskiy Y.,5,2,0,8,1,22,3,1,25,16,4,47,5,0
617,57212265441,Dmitrieva A.S.,1,0,0,1,1,1,0,0,5,2,1,6,0,0
618,57212266510,Gromtsev K.V.,2,1,0,0,0,0,1,1,5,3,2,5,0,0
619,57212267365,Issa B.,1,1,0,3,1,6,0,0,10,4,2,16,0,0
620,57212268033,Arslanova F.G.,1,0,0,1,0,0,0,0,0,2,0,0,0,0
621,57212270178,Nureev R.R.,0,0,0,0,0,0,1,0,0,1,0,0,0,0
622,57212270330,Bykova M.V.,1,0,0,1,1,6,2,2,20,4,3,26,0,0
623,57212271908,Bykasov D.A.,2,0,0,2,1,0,0,0,2,4,1,2,0,0
624,57212272949,Plokhov A.S.,0,0,0,1,1,0,1,1,4,2,2,4,0,0
625,57212277003,Sukhikh A.,1,0,1,0,0,8,0,0,2,1,0,11,0,0
626,57212299307,Legkokonets V.A.,1,0,0,0,0,0,0,0,0,1,0,0,0,0
627,57212300979,Golubev D.D.,3,1,1,1,1,1,0,0,1,4,2,3,0,0
628,57212302509,Fadeev D.,1,0,0,0,0,0,0,0,3,1,0,3,0,0
629,57212302599,Rabota E.N.,1,1,0,0,0,5,0,0,2,1,1,7,0,0
630,57212304259,Kazakov Yu.A.,0,0,0,1,0,0,2,1,2,3,1,2,0,0
631,57212305283,Abdulaev E.K.,1,0,0,0,0,2,1,1,1,2,1,3,0,0
632,57212305962,Grigorev E.,3,0,0,2,0,2,1,1,4,6,1,6,0,1
633,57212307375,Volodina Ya.A.,0,0,0,1,0,0,1,0,0,2,0,0,0,0
634,57212307695,Pavlenko I.A.,1,0,0,0,0,1,0,0,0,1,0,1,0,0
635,57212308144,Stroykov G.,3,1,1,3,1,13,1,1,25,7,3,39,6,0
636,57212308148,Piskunov V.M.,1,0,0,0,0,0,0,0,0,1,0,0,0,0
637,57212308249,Amer A.E.,2,0,0,1,1,3,0,0,6,3,1,9,0,0
638,57212309440,Yushkova E.,3,0,0,0,0,0,1,0,1,4,0,1,2,0
639,57212310807,Pumpur E.V.,2,1,0,0,0,1,0,0,3,2,1,4,0,0
640,57212311405,Gilyazetdinov E.R.,1,0,0,0,0,0,0,0,0,1,0,0,0,0
641,57212313933,Bolshunov A.V.,1,0,0,3,2,0,2,1,5,6,3,5,0,0
642,57212315394,Shibanov D.A.,0,0,0,1,0,0,0,0,3,1,0,3,0,0
643,57212343257,Leyberov A.I.,0,0,0,1,1,0,1,0,2,2,1,2,1,0
644,57212350359,Rudnik S.,1,1,0,0,0,0,2,1,4,3,2,4,0,0
645,57212385681,Kuznetsova E.Y.,0,0,0,0,0,0,1,0,0,1,0,0,0,0
646,57212405925,Kirkin A.P.,2,1,0,2,1,3,1,1,3,5,3,6,0,0
647,57212466065,Vilner M.A.,1,0,0,3,1,0,4,1,3,8,2,3,0,0
648,57212466268,Kharchenko L.,0,0,0,0,0,0,2,0,0,2,0,0,0,0
649,57212480207,Kutepov Yu.Yi.,0,0,0,1,0,0,0,0,1,1,0,1,0,0
650,57212553937,Safiullin R.,0,0,0,2,0,0,2,0,4,4,0,4,0,0
651,57212554740,Ushkova T.O.,0,0,0,1,0,0,1,0,0,2,0,0,0,0
652,57212554870,Aladin M.E.,1,0,1,1,0,2,3,1,7,5,1,10,1,0
653,57212560371,Guerra D.D.,1,0,2,2,1,5,1,0,4,4,1,11,2,0
654,57212656728,Shchukina D.A.,1,1,0,2,0,0,2,1,3,5,2,3,0,0
655,57212780257,Nasonov M.Y.,1,0,1,0,0,1,1,1,1,2,1,3,0,0
656,57212876617,Kashin D.A.,0,0,0,0,0,0,1,0,0,1,0,0,0,0
657,57212881644,Golikov T.S.,1,0,0,1,0,4,0,0,1,2,0,5,0,1
658,57212934958,Popov A.,3,1,0,0,0,0,0,0,4,3,1,4,0,0
659,57213150606,Korneva M.V.,0,0,0,0,0,0,1,1,2,1,1,2,0,1
660,57213151094,Nguyen T.T.,2,1,0,2,1,1,3,2,7,7,4,8,0,0
661,57213186347,Dolzhikov I.S.,0,0,0,2,0,2,0,0,15,2,0,17,0,0
662,57213351683,Vasileva A.D.,0,0,0,2,1,1,0,0,6,2,1,7,0,0
663,57213353578,Pupysheva E.,0,0,0,0,0,0,1,1,1,1,1,1,0,0
664,57213354145,Khomiakov K.A.,0,0,0,1,0,0,0,0,1,1,0,1,0,0
665,57213355840,Suslikov P.K.,1,0,0,0,0,2,0,0,0,1,0,2,1,0
666,57213588693,Zatsepin M.A.,1,0,0,0,0,0,1,1,0,2,1,0,0,0
667,57213604014,Alimkhanova T.A.,2,1,0,1,0,2,0,0,1,3,1,3,0,0
668,57213686447,Sotnikov R.O.,0,0,0,3,2,0,0,0,2,3,2,2,0,0
669,57213686476,Koubaji H.,0,0,0,1,1,0,2,1,0,3,2,0,0,0
670,57213687175,Shamaitis A.S.,0,0,0,1,0,0,0,0,0,1,0,0,0,0
671,57213687781,Sinegubov V.Yu.,0,0,0,1,1,0,0,0,0,1,1,0,0,0
672,57213687819,Nikazov A.,0,0,0,1,1,0,0,0,0,1,1,0,0,0
673,57213688171,Aleksander U.,0,0,0,1,1,0,2,1,0,3,2,0,0,0
674,57213688195,Grichukha M.I.,0,0,0,1,0,0,0,0,0,1,0,0,0,0
675,57213688496,Shalygin A.V.,1,0,0,2,0,3,0,0,2,3,0,5,0,0
676,57213688895,Siziakova E.,1,0,1,2,0,4,1,1,5,4,1,10,0,0
677,57213819745,Trifonova M.E.,0,0,0,1,0,0,0,0,1,1,0,1,0,0
678,57213822451,Bogdanova K.A.,1,0,0,0,0,1,0,0,0,1,0,1,0,0
679,57213823935,Ilinets A.A.,0,0,0,0,0,0,1,1,2,1,1,2,0,0
680,57213827420,Mansurova O.K.,1,0,0,0,0,1,0,0,1,1,0,2,0,0
681,57214067037,Egorova N.A.,1,0,0,0,0,6,0,0,0,1,0,6,0,0
682,57214091949,Kolesnik O.,1,0,0,0,0,0,0,0,1,1,0,1,0,0
683,57214101924,Abdallah W.J.,0,0,0,2,0,2,1,0,3,3,0,5,0,0
684,57214143496,Gureva O.,0,0,0,1,0,0,1,0,0,2,0,0,0,0
685,57214146201,Zimina D.A.,1,0,0,0,0,2,0,0,0,1,0,2,0,0
686,57214149623,Kupavykh K.,1,1,0,2,1,10,0,0,11,3,2,21,1,0
687,57214243959,Eliseeva N.N.,2,0,0,0,0,0,0,0,2,2,0,2,0,0
688,57214244362,Choker H.M.,0,0,0,1,0,0,0,0,0,1,0,0,0,0
689,57214244703,Hatoum H.M.,1,0,0,0,0,1,0,0,2,1,0,3,0,0
690,57214246172,Zubov A.V.,3,0,0,1,0,0,0,0,2,4,0,2,0,0
691,57214354583,Petrov D.A.,0,0,0,1,0,0,1,1,0,2,1,0,0,0
692,57214450289,Marinina V.M.,1,0,0,0,0,4,0,0,2,1,0,6,0,0
693,57214670056,Sidorov D.,0,0,0,3,1,9,1,1,26,4,2,35,2,0
694,57214699160,Melnikova A.,0,0,0,0,0,0,1,1,0,1,1,0,0,0
695,57214723433,Kotikov D.A.,3,0,0,0,0,6,0,0,3,3,0,9,0,0
696,57214755552,Terekhin R.D.,2,0,3,1,0,5,0,0,3,3,0,11,0,0
697,57215059407,Romasheva N.,2,1,1,5,2,24,1,1,48,8,4,73,8,1
698,57215078058,Egorenkova N.A.,1,1,0,1,0,0,1,1,2,3,2,2,0,0
699,57215090473,Sobyanin D.S.,1,0,1,0,0,5,0,0,3,1,0,9,0,0
700,57215141403,Maltcev A.А.,1,0,0,2,1,0,0,0,0,3,1,0,0,0
701,57215212894,Yastrebova K.,2,0,0,0,0,4,0,0,2,2,0,6,0,0
702,57215718414,Mokhova E.,1,1,6,0,0,5,0,0,2,1,1,13,0,0
703,57215840462,Popova Y.V.,2,1,0,0,0,0,0,0,4,2,1,4,0,0
704,57215845793,Loginov E.,3,1,0,4,1,2,1,1,6,8,3,8,0,0
705,57215855908,Poroshin M.A.,1,0,1,0,0,5,0,0,4,1,0,10,0,0
706,57215856228,Korolev M.,1,0,0,0,0,7,0,0,4,1,0,11,0,0
707,57215858955,Grigorev M.B.,1,0,1,1,1,5,1,1,8,3,2,14,0,0
708,57216178071,Smolnikov A.D.,2,1,1,0,0,2,0,0,3,2,1,6,0,0
709,57216269555,Glukhov A.A.,1,0,0,0,0,2,0,0,0,1,0,2,0,0
710,57216269831,Morozova O.Y.,2,0,0,0,0,0,0,0,16,2,0,16,0,0
711,57216270870,Zheltikov N.O.,1,0,0,0,0,0,0,0,0,1,0,0,0,0
712,57216270932,Shafhatov E.,3,0,1,0,0,2,1,1,0,4,1,3,0,0
713,57216271019,Garipov B.,2,0,0,1,0,1,0,0,2,3,0,3,0,0
714,57216271164,Sterkhov I.A.,1,0,0,1,0,0,1,0,3,3,0,3,0,0
715,57216271681,Shilovskikh P.D.,1,0,0,0,0,0,2,0,1,3,0,1,0,0
716,57216272416,Andryushanov D.A.,1,0,0,0,0,2,0,0,0,1,0,2,0,0
717,57216272876,Malkova Y.M.,2,0,0,1,1,2,1,1,25,4,2,27,2,0
718,57216279607,Obolonskaya E.V.,3,1,1,3,2,4,1,1,3,7,4,8,0,0
719,57216337494,Sabukevich V.S.,1,0,3,0,0,9,0,0,5,1,0,17,0,0
720,57216437936,Carter E.V.,0,0,0,3,1,1,2,1,4,5,2,5,0,0
721,57216560985,Orlova A.V.,2,1,1,1,0,1,0,0,5,3,1,7,0,0
722,57216561353,Ushakov E.K.,1,1,1,3,1,1,0,0,5,4,2,7,0,0
723,57216583742,Loseva E.,3,0,0,2,1,0,3,1,15,8,2,15,1,0
724,57216586202,Shepeleva A.E.,3,0,0,0,0,1,0,0,3,3,0,4,0,0
725,57216610270,Zhukovskiy Y.,4,1,1,9,2,12,2,2,102,15,5,115,7,0
726,57216612555,Binh L.T.,1,0,0,0,0,2,0,0,2,1,0,4,0,0
727,57216693175,Orlov G.,0,0,0,1,1,2,0,0,3,1,1,5,0,0
728,57216755385,Lyakh D.A.,1,1,1,0,0,5,0,0,2,1,1,8,0,0
729,57216758549,Dmitriev P.N.,1,0,0,2,1,1,1,1,9,4,2,10,0,0
730,57216762295,Yurii K.,1,0,0,0,0,0,1,0,0,2,0,0,0,0
731,57216768999,Tingnting S.,1,0,0,0,0,2,0,0,2,1,0,4,0,0
732,57216781515,Idiyatullin M.,1,0,0,0,0,0,0,0,0,1,0,0,0,0
733,57216788172,Zamorkina Y.,1,0,0,0,0,0,0,0,0,1,0,0,0,0
734,57216808893,Salimgaraeva L.I.,2,1,0,1,1,3,1,0,1,4,2,4,0,0
735,57216811114,Akhmedova A.N.,1,0,0,1,0,4,0,0,1,2,0,5,0,0
736,57216811743,Cabascango V.E.Q.,2,0,1,2,0,2,2,1,8,6,1,11,0,0
737,57216873316,Aleksandrova T.,11,2,10,13,2,33,9,2,75,33,6,118,0,0
738,57216875411,Simakov D.A.,1,0,0,2,0,0,1,0,0,4,0,0,0,0
739,57216876180,Novitskiy Y.I.,1,0,0,1,0,0,1,0,0,3,0,0,0,0
740,57216880477,Kuznetsov V.,3,1,1,6,1,7,5,2,24,14,4,32,0,0
741,57216892054,Gorshkova T.P.,1,0,0,0,0,0,0,0,0,1,0,0,0,0
742,57216897260,Egorova Dashina A.Y.,1,0,0,0,0,3,0,0,0,1,0,3,0,0
743,57216899120,Elikhin A.S.,1,0,0,0,0,1,0,0,1,1,0,2,0,0
744,57216899601,Osminko D.A.,1,0,0,0,0,0,0,0,1,1,0,1,0,0
745,57216902054,Filipenko I.A.,2,0,3,0,0,4,1,0,2,3,0,9,0,0
746,57216908489,Pastukhova E.,2,0,0,0,0,0,1,0,2,3,0,2,0,0
747,57216908540,Skepko O.,2,0,0,0,0,0,1,0,2,3,0,2,0,0
748,57216908938,Fatin H.A.,1,0,0,0,0,0,0,0,1,1,0,1,0,0
749,57216909102,Valnev V.,1,0,0,1,0,8,1,1,13,3,1,21,0,0
750,57216910479,Brylevskaya L.,2,0,0,0,0,0,1,0,2,3,0,2,0,0
751,57216910822,Gonchar L.,1,0,0,0,0,0,1,0,1,2,0,1,0,0
752,57216947128,Pushmina S.A.,0,0,0,2,1,1,2,1,4,4,2,5,0,0
753,57216950027,Nikonova E.,0,0,0,0,0,0,1,0,0,1,0,0,0,0
754,57216950035,Rudzish E.,0,0,0,2,2,0,2,1,6,4,3,6,2,1
755,57216971432,Boyko E.,1,0,0,0,0,0,0,0,0,1,0,0,0,0
756,57217099024,Molodykh S.S.,1,0,0,0,0,1,0,0,1,1,0,2,0,0
757,57217099506,Turro A.B.,1,0,0,0,0,1,0,0,1,1,0,2,0,0
758,57217099532,Garanzha A.V.,1,0,0,0,0,0,0,0,0,1,0,0,0,0
759,57217100680,Dzhemilev E.R.,2,0,0,0,0,3,2,0,4,4,0,7,0,0
760,57217101611,Petrunin A.M.,1,0,0,0,0,1,0,0,1,1,0,2,0,0
761,57217102706,Sokol D.G.,3,1,0,0,0,1,0,0,2,3,1,3,0,0
762,57217102767,Ivashev V.K.,1,0,0,0,0,0,0,0,0,1,0,0,0,0
763,57217213346,Ponomaryov A.B.,0,0,0,0,0,0,1,0,0,1,0,0,0,0
764,57217246282,Aleksandrova A.V.,1,0,2,0,0,4,0,0,3,1,0,9,0,0
765,57217287495,Martynenko Y.V.,1,0,0,2,1,1,1,1,11,4,2,12,0,0
766,57217292673,Voronov V.A.,2,0,0,0,0,1,0,0,0,2,0,1,0,0
767,57217293118,Petrov A.A.,2,0,0,0,0,2,0,0,0,2,0,2,0,0
768,57217293303,Zhapkhandaev C.A.,1,0,0,0,0,2,0,0,0,1,0,2,0,0
769,57217479554,Derkach I.V.,1,0,1,0,0,9,0,0,7,1,0,17,0,0
770,57217535201,Senchilo N.,1,0,0,3,1,0,0,0,16,4,1,16,0,0
771,57217588270,Kupavykh A.,1,1,0,0,0,8,0,0,7,1,1,15,0,0
772,57217619386,Smirnov A.G.,1,1,1,0,0,0,0,0,1,1,1,2,0,0
773,57217629338,Serbin D.V.,1,0,0,0,0,0,1,1,0,2,1,0,0,0
774,57217629631,Artiaeva M.A.,1,0,0,0,0,0,0,0,0,1,0,0,0,0
775,57217629728,Glaz'ev M.V.,1,0,0,2,0,3,1,0,7,4,0,10,0,0
776,57217629900,Cherdancev G.,1,0,0,1,0,0,0,0,0,2,0,0,0,0
777,57217630079,Zhdankin E.,1,0,0,0,0,0,0,0,0,1,0,0,0,0
778,57217630200,Vedrova D.A.,2,0,0,0,0,0,0,0,2,2,0,2,0,0
779,57217630761,Odintsov E.E.,1,0,0,1,0,0,0,0,0,2,0,0,0,0
780,57217631067,Fazylov I.R.,1,0,0,1,1,0,2,1,11,4,2,11,0,2
781,57217631118,Erokhov S.,1,0,1,0,0,0,0,0,0,1,0,1,0,0
782,57217631298,Palyanitsina A.,4,0,1,4,2,16,2,1,19,10,3,36,4,0
783,57217631312,Vydrova A.A.,1,0,0,1,0,0,0,0,0,2,0,0,0,0
784,57217631970,Babenko D.,2,0,0,1,1,2,0,0,3,3,1,5,0,0
785,57217632335,Krivenko A.V.,2,0,0,1,0,3,0,0,1,3,0,4,0,0
786,57217632629,Aleksandrov A.N.,2,1,1,3,1,20,1,0,29,6,2,50,0,0
787,57217632874,Krizhanovskaia D.I.,1,0,0,0,0,0,0,0,1,1,0,1,0,0
788,57217632902,Kalmykova T.D.,1,0,0,1,0,1,0,0,1,2,0,2,0,0
789,57217633050,Zhukova V.,1,0,0,1,0,1,0,0,1,2,0,2,0,0
790,57217633502,Kamenev E.N.,1,0,0,1,0,0,0,0,0,2,0,0,0,0
791,57217634040,Kobylyansky A.A.,1,0,0,1,0,1,1,1,2,3,1,3,0,0
792,57217634293,Malyushin I.M.,1,0,0,0,0,0,0,0,0,1,0,0,0,0
793,57217634750,Vasilchenko A.O.,1,0,0,0,0,0,0,0,0,1,0,0,0,0
794,57217634922,Kishchenko M.А.,1,0,1,1,0,6,0,0,2,2,0,9,0,0
795,57217635489,Gubaydullina R.,1,0,0,0,0,1,0,0,0,1,0,1,0,0
796,57217635642,Rovnik N.A.,1,0,0,0,0,2,0,0,1,1,0,3,0,0
797,57217636241,Kokorin A.V.,1,0,0,0,0,0,0,0,0,1,0,0,0,0
798,57217636245,Ruzmanov A.Y.,1,0,0,0,0,1,0,0,0,1,0,1,0,0
799,57217651258,Aleksandrova T.A.,0,0,0,1,0,0,0,0,0,1,0,0,0,0
800,57217827552,Molodtsov K.V.,1,1,6,0,0,16,0,0,13,1,1,35,1,0
801,57217852259,Dyachkova I.,2,0,1,1,1,2,1,0,5,4,1,8,0,0
802,57217986108,Vedernikov V.V.,1,1,0,2,2,1,3,0,2,6,3,3,0,0
803,57218097166,Anh D.T.L.,5,0,1,1,0,1,0,0,2,6,0,4,0,0
804,57218105174,Gagarina O.,1,0,0,0,0,0,1,1,1,2,1,1,0,0
805,57218105410,Aksenova A.,1,0,0,0,0,0,0,0,0,1,0,0,0,0
806,57218108340,Khac Linh N.,1,0,0,0,0,0,0,0,0,1,0,0,0,0
807,57218142134,Zalilova M.M.,1,0,1,0,0,5,0,0,0,1,0,6,0,0
808,57218172591,Buslova M.A.,1,0,0,0,0,1,0,0,1,1,0,2,0,0
809,57218224823,Falova E.S.,2,1,1,0,0,4,0,0,4,2,1,9,0,0
810,57218228633,Khloponina V.S.,1,0,0,0,0,0,0,0,2,1,0,2,0,0
811,57218264230,Utenkova T.G.,1,0,0,2,1,1,0,0,3,3,1,4,0,0
812,57218281845,Ismailova D.V.,1,0,2,0,0,1,0,0,1,1,0,4,0,0
813,57218532943,Nguyen Van T.,2,1,1,2,1,19,1,0,21,5,2,41,0,0
814,57218596039,Maksimov D.D.,1,0,0,1,0,2,0,0,1,2,0,3,0,0
815,57218596520,Vinogradova I.V.,1,0,0,0,0,0,0,0,3,1,0,3,0,0
816,57218597064,Gorshkov I.V.,1,0,0,1,0,2,0,0,0,2,0,2,0,0
817,57218597172,Akhmerov E.V.,1,0,0,1,0,2,1,1,7,3,1,9,0,0
818,57218597367,Mikhailov A.V.,1,0,0,1,0,0,0,0,1,2,0,1,0,0
819,57218609652,Savelyev D.S.,2,0,0,1,0,0,1,0,3,4,0,3,0,0
820,57218666906,Borodkin E.O.,1,0,0,0,0,0,0,0,1,1,0,1,0,0
821,57218668677,Artyushchenko A.P.,2,0,0,1,0,2,1,1,1,4,1,3,0,2
822,57218674747,Khokhlova E.D.,1,0,0,0,0,1,0,0,0,1,0,1,0,0
823,57218676250,Peretyatko S.A.,3,0,0,2,0,3,0,0,1,5,0,4,0,0
824,57218766972,Trong D.D.,1,0,1,1,0,2,1,1,2,3,1,5,0,0
825,57218905998,Zakharova A.A.,1,1,0,0,0,0,1,1,4,2,2,4,0,0
826,57218908404,Loufouandi Matondo I.P.,1,1,0,0,0,0,0,0,1,1,1,1,0,0
827,57218916872,Kolesova E.A.,1,0,0,0,0,0,0,0,1,1,0,1,0,0
828,57218917165,Kornilova E.V.,1,0,0,0,0,0,2,1,1,3,1,1,0,0
829,57218920731,Naumenko N.V.,1,0,0,0,0,0,0,0,1,1,0,1,0,0
830,57218921328,Reshetnyak S.P.,1,0,0,0,0,0,0,0,2,1,0,2,0,0
831,57218922510,Sorokin S.I.,1,0,0,0,0,0,0,0,0,1,0,0,0,0
832,57219013345,Rumiantseva A.M.,1,1,0,0,0,4,0,0,1,1,1,5,0,0
833,57219187752,Tatarinova A.A.,0,0,0,0,0,0,3,1,1,3,1,1,0,0
834,57219305019,Kudashov E.S.,1,1,0,0,0,3,0,0,2,1,1,5,0,0
835,57219319393,Yemelyanov A.A.,1,1,0,0,0,1,0,0,2,1,1,3,0,0
836,57219353616,Peretyatko M.A.,1,0,0,2,0,1,0,0,1,3,0,2,0,0
837,57219354723,Kudryavtseva R.A.,0,0,0,0,0,0,3,1,19,3,1,19,0,0
838,57219354877,Isakova E.P.,3,0,0,1,0,3,0,0,2,4,0,5,0,0
839,57219355942,Dyachenok G.,1,0,0,0,0,1,0,0,0,1,0,1,0,0
840,57219516322,Levashov D.S.,1,0,0,1,1,0,1,1,0,3,2,0,0,0
841,57219593594,Emelyanov A.V.,0,0,0,1,0,0,0,0,0,1,0,0,0,0
842,57219600074,Komolov V.,2,0,0,0,0,1,1,1,1,3,1,2,0,0
843,57219603228,Belikov A.A.,1,0,0,0,0,1,1,1,1,2,1,2,0,0
844,57219801923,Simonchuk V.D.,1,0,0,1,0,1,0,0,3,2,0,4,1,0
845,57219805373,Tatianina L.G.,1,0,1,0,0,1,0,0,0,1,0,2,0,0
846,57219870333,Korolev R.I.,2,0,0,0,0,0,2,2,6,4,2,6,0,0
847,57219904137,Dydin V.M.,2,1,0,0,0,4,0,0,4,2,1,8,0,0
848,57219906918,Eremin R.N.,2,1,0,0,0,4,1,0,7,3,1,11,0,0
849,57220025175,Koshelkov I.A.,1,0,0,0,0,1,0,0,0,1,0,1,0,0
850,57220031516,Eroshkin S.O.,1,0,0,0,0,1,0,0,0,1,0,1,0,0
851,57220033527,Kachan D.,1,0,0,0,0,1,0,0,0,1,0,1,0,0
852,57220034062,Belova D.V.,1,0,0,0,0,1,0,0,0,1,0,1,0,0
853,57220034739,Alieva L.,0,0,0,0,0,0,1,1,0,1,1,0,0,0
854,57220035736,Savchenko A.,1,0,0,0,0,1,0,0,0,1,0,1,0,0
855,57220041033,Arapova E.G.,1,0,0,0,0,2,1,1,0,2,1,2,1,0
856,57220047983,Zamyatin A.I.,1,0,0,0,0,0,0,0,0,1,0,0,0,0
857,57220047993,Patokin D.,1,0,0,0,0,1,0,0,1,1,0,2,0,0
858,57220049390,Penezeva D.,1,0,0,0,0,0,0,0,0,1,0,0,0,0
859,57220056359,Kameshkov A.V.,1,1,0,1,1,0,0,0,4,2,2,4,0,0
860,57220078454,Vykhodtsev Y.N.,1,0,0,0,0,0,0,0,0,1,0,0,0,0
861,57220078723,Minibaev A.M.,2,0,0,0,0,0,0,0,0,2,0,0,0,0
862,57220159396,Permyakova E.K.,1,0,0,1,0,1,0,0,0,2,0,1,0,0
863,57220163276,Iakupov D.,1,0,0,4,1,1,2,1,0,7,2,1,0,0
864,57220305094,Pugachev A.,0,0,0,0,0,0,2,0,0,2,0,0,0,0
865,57220410722,Nikitina L.N.,1,0,1,0,0,0,0,0,1,1,0,2,0,0
866,57220438246,Puskarev A.E.,0,0,0,1,0,1,0,0,0,1,0,1,0,0
867,57220595977,Van Duy T.,1,1,0,0,0,1,1,1,1,2,2,2,0,0
868,57220658291,Polyakov А.А.,2,1,0,0,0,15,1,1,10,3,2,25,0,0
869,57220745862,Kovalchuk V.S.,1,0,0,2,0,5,0,0,0,3,0,5,0,0
870,57220748785,Kashurin R.R.,1,0,0,2,1,0,0,0,3,3,1,3,0,0
871,57220765760,Snegirev N.V.,2,0,0,0,0,1,0,0,1,2,0,2,0,0
872,57220778458,Morozov A.V.,1,0,0,0,0,1,0,0,0,1,0,1,0,0
873,57220869278,Podolsky S.I.,1,1,0,3,1,0,1,0,10,5,2,10,0,0
874,57220956975,Ibatullin A.Kh.,2,0,0,4,0,2,0,0,9,6,0,11,1,0
875,57221046514,Bakeeva L.,1,0,0,0,0,0,1,0,1,2,0,1,0,0
876,57221052442,Romanova Y.,1,0,0,0,0,0,1,0,1,2,0,1,0,0
877,57221112456,Tretyakov N.,0,0,0,1,0,2,1,0,1,2,0,3,0,0
878,57221131704,Malcev D.D.,1,0,0,0,0,0,0,0,1,1,0,1,0,0
879,57221131777,Bukina V.,2,0,0,2,1,0,0,0,4,4,1,4,0,0
880,57221260200,Andreev V.V.,1,0,0,0,0,0,0,0,0,1,0,0,0,0
881,57221336844,Yudin S.,1,1,0,0,0,4,1,0,8,2,1,12,2,0
882,57221338268,Pavlov N.S.,1,0,0,0,0,0,0,0,0,1,0,0,0,0
883,57221356304,Tokarev I.S.,1,0,0,0,0,0,0,0,0,1,0,0,0,0
884,57221413974,Antonenko T.I.,1,1,0,0,0,5,0,0,1,1,1,6,0,0
885,57221418310,Miroshnichenko A.K.,1,1,0,0,0,5,0,0,1,1,1,6,0,0
886,57221463311,Osadchy D.E.,0,0,0,2,0,2,0,0,1,2,0,3,0,0
887,57221477619,Lapiga I.,0,0,0,2,0,2,0,0,0,2,0,2,0,0
888,57221535354,Bondareva O.N.,1,1,0,1,0,0,1,1,2,3,2,2,0,0
889,57221599365,Sekerina D.,2,0,0,1,0,1,0,0,0,3,0,1,0,0
890,57221601919,Orlova E.,2,0,0,0,0,0,0,0,0,2,0,0,0,0
891,57221605114,Mingaleva T.A.,2,0,0,2,0,3,1,1,3,5,1,6,0,0
892,57221607946,Gorjanc I.,1,0,0,0,0,0,0,0,0,1,0,0,0,0
893,57221614386,Belekhova E.,1,0,0,0,0,0,0,0,0,1,0,0,0,0
894,57221621319,Gotsul Y.,0,0,0,1,0,1,0,0,2,1,0,3,0,0
895,57221641974,Kirillov V.S.,1,0,0,0,0,0,0,0,0,1,0,0,0,0
896,57221644674,Ayrapetyan M.G.,2,0,0,1,0,2,0,0,0,3,0,2,0,0
897,57221645046,Farukshin A.A.,2,0,0,1,0,2,0,0,0,3,0,2,0,0
898,57221645261,Asoskov A.,1,0,0,0,0,0,0,0,0,1,0,0,0,0
899,57221647091,Grigoriev G.K.,1,0,0,0,0,0,0,0,0,1,0,0,0,0
900,57221647781,Izotova V.,1,0,0,0,0,2,0,0,2,1,0,4,0,0
901,57221662102,Fernandez Popova A.,1,0,0,1,0,2,0,0,1,2,0,3,0,0
902,57221673635,Kurakova S.K.,1,0,0,0,0,0,0,0,0,1,0,0,0,0
903,57221743688,Bunina Y.,1,0,0,0,0,0,0,0,2,1,0,2,0,0
904,57221746674,Goncharova O.,1,0,0,0,0,0,0,0,2,1,0,2,0,0
905,57221943114,Zhessakov A.,0,0,0,1,0,2,0,0,5,1,0,7,0,0
906,57222062727,Sviridenko A.S.,1,0,0,0,0,0,0,0,1,1,0,1,0,0
907,57222118606,Dunaeva E.N.,0,0,0,2,0,1,0,0,3,2,0,4,0,0
908,57222121382,Mazakov E.B.,0,0,0,2,0,0,0,0,1,2,0,1,1,0
909,57222147824,Palkin P.O.,0,0,0,2,0,1,0,0,0,2,0,1,0,0
910,57222158276,Budovskaya M.,0,0,0,3,1,10,1,1,32,4,2,42,1,0
911,57222291121,Firstov A.A.,0,0,0,2,0,1,1,1,0,3,1,1,1,0
912,57222295036,Klyucherev N.A.,0,0,0,2,0,0,0,0,1,2,0,1,0,0
913,57222296145,Klochkov D.A.,0,0,0,2,0,0,0,0,1,2,0,1,0,0
914,57222298059,Kapachinskikh Z.Y.,0,0,0,1,0,1,1,1,0,2,1,1,0,0
915,57222422209,Ivanova D.,1,0,1,2,0,2,0,0,2,3,0,5,0,0
916,57222463422,Rodnichenko E.K.,0,0,0,1,0,1,0,0,1,1,0,2,0,0
917,57222472125,Prokhorova E.,0,0,0,1,1,2,3,1,20,4,2,22,0,2
918,57222523320,Bakaneev V.S.,0,0,0,1,0,0,0,0,0,1,0,0,0,0
919,57222538745,Myakov V.V.,0,0,0,1,1,1,0,0,6,1,1,7,0,0
920,57222549888,Soboleva P.D.,0,0,0,1,1,0,0,0,4,1,1,4,0,0
921,57222552207,Dubrovskaya B.A.,0,0,0,1,1,0,0,0,1,1,1,1,0,0
922,57222556255,Borisovskiy I.A.,0,0,0,1,1,0,2,1,9,3,2,9,0,0
923,57222568495,Karyakina E.,0,0,0,2,0,2,0,0,2,2,0,4,0,0
924,57222571633,Svakhina Y.A.,0,0,0,1,0,0,0,0,0,1,0,0,0,0
925,57222585028,Nikitina T.,1,0,0,2,2,5,0,0,3,3,2,8,0,0
926,57222653774,Zakharov A.E.,0,0,0,1,0,0,1,0,1,2,0,1,0,0
927,57222813654,Borisova D.,0,0,0,1,0,0,0,0,2,1,0,2,0,0
928,57223003888,Khalturin A.,0,0,0,2,0,2,0,0,8,2,0,10,0,0
929,57223027694,Kharko P.A.,0,0,0,2,1,0,2,1,9,4,2,9,0,0
930,57223081859,Semenova A.N.,0,0,0,2,0,0,3,0,2,5,0,2,0,0
931,57223084202,Vasiliev D.A.,0,0,0,1,0,0,1,0,1,2,0,1,0,0
932,57223084315,Burilov D.A.,0,0,0,3,0,0,2,0,3,5,0,3,0,0
933,57223087065,Cherniaeva O.Y.,0,0,0,1,0,0,0,0,0,1,0,0,0,0
934,57223090218,Mordvintseva Y.A.,0,0,0,1,0,1,0,0,0,1,0,1,0,0
935,57223091660,Zimovets A.I.,0,0,0,1,0,0,0,0,0,1,0,0,0,1
936,57223094912,Alexandra B.K.,1,0,0,2,0,0,2,0,2,5,0,2,0,0
937,57223096843,Smirnov V.A.,0,0,0,2,0,0,1,0,2,3,0,2,0,0
938,57223099135,Zyulin V.A.,0,0,0,2,0,0,3,0,2,5,0,2,0,0
939,57223099219,Dvoynikov V.M.,0,0,0,1,0,0,1,0,1,2,0,1,0,0
940,57223103690,Blischenko A.A.,1,0,0,1,0,0,1,1,2,3,1,2,0,0
941,57223106145,Kusova L.G.,0,0,0,0,0,0,1,0,0,1,0,0,0,0
942,57223402850,Zakaev D.,1,0,2,1,0,13,0,0,16,2,0,31,1,1
943,57223427373,Romanov I.S.,0,0,0,1,1,0,2,1,3,3,2,3,0,0
944,57223432077,Sokolov S.T.,0,0,0,1,1,0,1,1,3,2,2,3,0,0
945,57223927670,Kurakova K.N.,0,0,0,2,1,2,0,0,2,2,1,4,0,0
946,57224048246,Kondratev A.V.,1,1,1,0,0,1,0,0,4,1,1,6,0,0
947,57224401885,Semenyuk A.V.,1,1,0,0,0,0,1,1,6,2,2,6,0,0
948,57224410390,Ilyushchenko S.A.,0,0,0,1,0,0,1,0,1,2,0,1,0,0
949,57224410771,Almosova Ya.V.,0,0,0,2,0,3,1,1,6,3,1,9,0,1
950,57224439036,Zelentsova A.,0,0,0,1,0,0,0,0,0,1,0,0,0,0
951,57224559012,Serikov V.A.,2,0,0,1,0,1,2,1,2,5,1,3,1,0
952,57224679119,Balandinsky D.,0,0,0,1,1,1,1,1,1,2,2,2,0,0
953,57224688931,Mashukova J.,0,0,0,3,1,1,0,0,5,3,1,6,0,0
954,57224722818,Shaygallyamova Z.,0,0,0,2,1,2,3,1,22,5,2,24,0,0
955,57224725914,Tyukov P.O.,0,0,0,1,0,0,0,0,0,1,0,0,0,0
956,57224726142,Gladkova D.V.,0,0,0,1,0,0,0,0,0,1,0,0,0,0
957,57224727955,Bukov V.A.,0,0,0,1,0,0,0,0,0,1,0,0,0,1
958,57224728379,Soroka A.N.,0,0,0,1,0,0,0,0,0,1,0,0,0,0
959,57224728875,Gizatullin R.R.,0,0,0,2,0,1,0,0,0,2,0,1,0,0
960,57224730127,Ivanova V.A.,0,0,0,1,0,0,0,0,0,1,0,0,0,0
961,57224731115,Morgunov V.,0,0,0,1,0,0,1,1,1,2,1,1,0,0
962,57224731277,Sadykov M.I.,0,0,0,1,0,1,0,0,2,1,0,3,0,0
963,57224731523,Repin I.D.,0,0,0,1,0,0,0,0,0,1,0,0,0,0
964,57224732760,Khinkiladze V.,0,0,0,1,0,0,0,0,0,1,0,0,0,0
965,57224733058,Ilic A.,0,0,0,2,0,0,0,0,0,2,0,0,2,0
966,57224733658,Shestakov A.K.,0,0,0,1,0,0,0,0,3,1,0,3,0,0
967,57224734921,Bratskikh D.S.,0,0,0,1,0,0,0,0,0,1,0,0,0,1
968,57224734948,Medova E.A.,0,0,0,2,1,0,0,0,2,2,1,2,0,0
969,57224736540,Zdretsov I.M.,0,0,0,1,0,0,0,0,0,1,0,0,0,0
970,57224737186,Matrokhina K.V.,0,0,0,2,0,1,0,0,0,2,0,1,2,0
971,57224737664,Blinova E.,0,0,0,1,0,0,1,0,7,2,0,7,0,0
972,57224738687,Shapiro S.L.,0,0,0,1,0,0,0,0,0,1,0,0,0,0
973,57224739908,Sadykov R.M.,0,0,0,1,0,0,0,0,3,1,0,3,0,0
974,57224739972,Kopkov M.P.,0,0,0,1,0,0,0,0,0,1,0,0,0,0
975,57224740105,Schastnyy Y.O.,0,0,0,1,0,0,0,0,0,1,0,0,0,0
976,57224740176,Hviyuzova D.A.,0,0,0,1,0,0,0,0,0,1,0,0,0,0
977,57224740223,Ananyev V.V.,0,0,0,1,0,0,0,0,0,1,0,0,0,0
978,57224741212,Vasilyeva M.A.,0,0,0,3,1,0,1,1,2,4,2,2,1,0
979,57224741798,Stepanova L.I.,0,0,0,1,0,0,1,1,1,2,1,1,0,0
980,57224742702,Ovsepian E.E.,0,0,0,2,0,0,0,0,0,2,0,0,0,0
981,57224743727,Anisimov K.A.,0,0,0,1,0,0,0,0,2,1,0,2,0,0
982,57224743789,Litin I.V.,0,0,0,1,0,0,0,0,0,1,0,0,0,0
983,57224893153,Belikova D.D.,0,0,0,1,1,0,1,1,7,2,2,7,0,0
984,57224900071,Khalifa A.A.,0,0,0,2,1,0,1,1,11,3,2,11,0,0
985,57224927007,Artyukh D.,0,0,0,1,1,2,0,0,2,1,1,4,1,0
986,57225034805,Petrov V.,0,0,0,1,1,0,2,2,8,3,3,8,0,0
987,57225104569,Pomogaibin A.P.,0,0,0,1,0,0,0,0,0,1,0,0,0,0
988,57225199248,Korotaeva A.E.,0,0,0,2,1,0,1,1,6,3,2,6,0,0
989,57225397718,Deev A.,1,0,0,2,0,1,0,0,1,3,0,2,0,0
990,57225435200,Zharkov A.M.,1,0,0,4,1,1,0,0,1,5,1,2,0,0
991,57225734847,Ivanov E.A.,1,0,0,0,0,3,1,1,3,2,1,6,0,0
992,57226135254,Vasiliev A.S.,0,0,0,2,1,0,2,1,4,4,2,4,0,0
993,57226289367,Kison V.E.,0,0,0,2,0,0,0,0,0,2,0,0,0,0
994,57226381115,Slavkova N.N.,0,0,0,1,0,0,0,0,0,1,0,0,0,0
995,57226382807,Polyanskiy A.,0,0,0,1,1,1,1,0,9,2,1,10,0,0
996,57226446964,Yakovleva T.A.,0,0,0,1,1,0,1,1,2,2,2,2,0,0
997,57226525037,Paramonov I.,0,0,0,1,0,0,0,0,2,1,0,2,0,0
998,57226553886,Atroshchenko V.A.,0,0,0,2,1,0,1,1,1,3,2,1,0,0
999,57226571524,Mukhina A.S.,1,0,0,2,1,1,1,1,10,4,2,11,0,0
1000,57226641944,Tian H.,0,0,0,1,0,0,2,1,2,3,1,2,0,0
1001,57226711798,Mikhailevskii V.R.,0,0,0,1,1,0,0,0,33,1,1,33,0,0
1002,57226712914,Skolota N.S.,0,0,0,1,1,0,0,0,33,1,1,33,0,0
1003,57226715689,Kolosov O.I.,0,0,0,1,1,0,0,0,33,1,1,33,0,0
1004,57226764877,Rozentsvet A.V.,0,0,0,1,0,0,0,0,0,1,0,0,0,0
1005,57226768735,Evgrafov M.V.,0,0,0,1,1,0,0,0,1,1,1,1,0,0
1006,57226889664,Kovalev D.A.,0,0,0,1,1,2,0,0,2,1,1,4,0,0
1007,57244833400,Meleshkina D.A.,0,0,0,2,0,0,0,0,0,2,0,0,0,0
1008,57244833500,Pogosyan D.O.,0,0,0,2,0,0,0,0,0,2,0,0,0,0
1009,57245109800,Oreshkova M.Y.,0,0,0,2,0,0,0,0,0,2,0,0,0,0
1010,57245382100,Fernandes Mamani A.N.,0,0,0,2,0,0,0,0,0,2,0,0,0,0
1011,57245625900,Bolshakova N.,2,0,0,3,1,2,2,1,4,7,2,6,0,0
1012,57245718300,Fedorova K.S.,0,0,0,1,0,0,0,0,1,1,0,1,0,0
1013,57245718600,Andriets D.A.,0,0,0,1,0,0,0,0,0,1,0,0,0,0
1014,57250295000,Dirani F.,0,0,0,1,1,0,0,0,4,1,1,4,0,0
1015,57252852000,Kozyrev B.A.,0,0,0,1,1,0,1,0,1,2,1,1,0,0
1016,57253227600,Ustinova Y.V.,0,0,0,4,1,1,2,2,6,6,3,7,0,0
1017,57271605600,Latipov I.,0,0,0,1,1,0,1,1,9,2,2,9,0,0
1018,57273452700,Tsigelnyuk E.Y.,0,0,0,1,0,0,0,0,0,1,0,0,0,0
1019,57279219200,Gvozdetskaya M.V.,0,0,0,1,1,0,0,0,1,1,1,1,0,0
1020,57284724900,Vlasenko S.S.,0,0,0,1,0,1,0,0,0,1,0,1,0,0
1021,57288968600,Barinkov V.M.,0,0,0,1,0,0,1,1,1,2,1,1,0,0
1022,57289077700,Brovkina N.,0,0,0,1,1,1,0,0,1,1,1,2,0,0
1023,57289133200,Khanh N.Q.,0,0,0,2,0,0,0,0,0,2,0,0,0,0
1024,57289506200,Salpagarov E.,0,0,0,0,0,0,1,0,1,1,0,1,0,0
1025,57301571400,Rumyantseva N.A.,0,0,0,0,0,0,4,1,3,4,1,3,0,0
1026,57311408300,Botyan E.,0,0,0,1,0,0,1,1,2,2,1,2,0,0
1027,57314498700,Matveeva Y.G.,0,0,0,1,0,0,0,0,0,1,0,0,0,0
1028,57314705000,Abdrakhmanov I.A.,0,0,0,2,0,0,1,0,0,3,0,0,0,0
1029,57314922500,Grigoreva V.,0,0,0,2,0,0,0,0,1,2,0,1,0,0
1030,57315075800,Nikitin M.Yu.,0,0,0,1,1,0,0,0,1,1,1,1,0,0
1031,57315310800,Trinh D.C.,0,0,0,1,0,0,0,0,0,1,0,0,0,0
1032,57315331000,Cofie K.Y.B.,0,0,0,1,0,0,0,0,0,1,0,0,0,0
1033,57315333500,Gorbachev M.A.,0,0,0,1,0,0,0,0,0,1,0,0,0,0
1034,57315344200,Molchanov A.A.,0,0,0,1,0,0,0,0,0,1,0,0,0,0
1035,57315537600,Glinskii V.V.,0,0,0,1,0,0,0,0,0,1,0,0,0,0
1036,57315736400,Gabibov A.F.,0,0,0,1,0,0,0,0,4,1,0,4,0,0
1037,57316083300,Que C.T.,0,0,0,1,0,0,0,0,5,1,0,5,0,0
1038,57317689900,Orel E.A.,0,0,0,1,0,0,1,0,0,2,0,0,0,2
1039,57324220400,Guznenko V.A.,0,0,0,2,0,0,0,0,1,2,0,1,0,0
1040,57324231800,Tselischev N.,0,0,0,1,0,0,0,0,4,1,0,4,0,0
1041,57324415200,Pasternak S.,0,0,0,1,0,0,0,0,4,1,0,4,0,0
1042,57324600300,Tsiglianu P.,0,0,0,1,0,0,0,0,4,1,0,4,0,0
1043,57325153200,Piskovatskova P.D.,0,0,0,1,0,0,0,0,1,1,0,1,0,0
1044,57327041400,Vivdich E.S.,0,0,0,1,0,0,1,0,0,2,0,0,0,0
1045,57328186500,Skornyakova E.R.,0,0,0,1,1,0,4,1,4,5,2,4,0,0
1046,57336449300,Krylov K.,1,0,0,2,1,2,1,1,18,4,2,20,0,0
1047,57336655600,Karennik K.,0,0,0,1,1,0,0,0,2,1,1,2,0,0
1048,57336758300,Kornienko N.V.,0,0,0,0,0,0,1,0,0,1,0,0,0,0
1049,57336871900,Maevskaya A.Y.,0,0,0,0,0,0,1,0,0,1,0,0,0,0
1050,57337151000,Borisova Y.V.,0,0,0,0,0,0,2,0,0,2,0,0,0,0
1051,57339417000,Puporevich A.A.,0,0,0,1,1,0,0,0,0,1,1,0,0,0
1052,57339607100,Duka N.E.,0,0,0,1,1,0,1,1,5,2,2,5,0,0
1053,57339791700,Mikhailova E.A.,0,0,0,1,1,0,0,0,0,1,1,0,0,0
1054,57339989900,Glazunov K.O.,1,0,0,0,0,0,0,0,0,1,0,0,0,0
1055,57340590200,Konkin A.A.,0,0,0,1,0,0,0,0,0,1,0,0,0,0
1056,57345703400,Nguyen H.H.,0,0,0,0,0,0,1,0,1,1,0,1,0,0
1057,57347024100,Stoianova A.,0,0,0,1,1,1,1,0,29,2,1,30,2,0
1058,57349886700,Zalesov M.V.,0,0,0,1,0,0,1,0,1,2,0,1,0,0
1059,57351406900,Karimov A.M.,0,0,0,1,0,0,0,0,2,1,0,2,0,0
1060,57352138400,Almukhametova S.G.,0,0,0,1,0,0,0,0,0,1,0,0,0,0
1061,57353860500,Akbarpuran Haiyati S.A.,1,0,0,1,0,0,0,0,1,2,0,1,0,0
1062,57354491200,Gavrilchik A.K.,0,0,0,1,0,0,3,2,7,4,2,7,0,0
1063,57355951700,Guzev V.E.,0,0,0,3,2,0,0,0,1,3,2,1,0,0
1064,57356064800,Rutenko E.,0,0,0,1,1,1,1,1,6,2,2,7,2,0
1065,57360175000,Nacharova M.A.,0,0,0,1,0,0,0,0,1,1,0,1,0,0
1066,57360458400,Alekseev A.A.,0,0,0,1,0,0,2,1,2,3,1,2,0,0
1067,57360606600,Blinov A.,0,0,0,2,0,0,0,0,4,2,0,4,0,0
1068,57365353500,Krizhanovich A.,0,0,0,1,1,0,1,1,1,2,2,1,0,0
1069,57366705000,Kuznetsova E.A.,0,0,0,0,0,0,1,1,2,1,1,2,1,0
1070,57370704900,Mikheeva V.Yu.,0,0,0,1,1,0,0,0,0,1,1,0,0,0
1071,57371042700,Babenko T.A.,0,0,0,1,1,0,0,0,1,1,1,1,0,0
1072,57383440600,Starkov M.K.,0,0,0,1,1,0,1,1,2,2,2,2,0,0
1073,57396506700,Menshikov S.,0,0,0,0,0,0,1,0,0,1,0,0,0,0
1074,57396615600,Glum T.,0,0,0,0,0,0,1,0,0,1,0,0,0,0
1075,57405885100,Boeva A.A.,1,0,0,1,0,2,1,0,4,3,0,6,0,0
1076,57410341100,Parfenova A.,0,0,0,0,0,0,1,1,2,1,1,2,0,0
1077,57412278000,Rybakov V.V.,0,0,0,1,1,0,1,1,1,2,2,1,0,0
1078,57416686900,Byazrov R.,0,0,0,0,0,0,2,1,8,2,1,8,1,0
1079,57416748600,Safiullina E.,0,0,0,0,0,0,3,1,12,3,1,12,1,0
1080,57417068400,Marinina O.,2,0,3,4,2,13,3,2,30,9,4,46,1,0
1081,57417698000,Maksimova R.I.,0,0,0,2,1,0,0,0,3,2,1,3,0,0
1082,57419289300,Naumov I.,0,0,0,0,0,0,1,1,30,1,1,30,0,0
1083,57425271100,Gorshneva E.A.,0,0,0,0,0,0,1,1,13,1,1,13,0,0
1084,57425854800,Artyushevskiy D.I.,0,0,0,0,0,0,1,1,13,1,1,13,0,0
1085,57427991700,Ovchinnikov E.S.,0,0,0,0,0,0,1,1,2,1,1,2,0,0
1086,57428065900,Toechkina O.,0,0,0,1,1,0,0,0,1,1,1,1,0,0
1087,57428865400,Viacheslav M.,0,0,0,0,0,0,1,1,2,1,1,2,0,0
1088,57435064900,Plotnikova K.I.,0,0,0,1,0,0,0,0,0,1,0,0,0,0
1089,57437095400,Sitko A.V.,0,0,0,0,0,0,1,1,4,1,1,4,0,0
1090,57437666400,Gorbacheva A.A.,0,0,0,0,0,0,1,1,0,1,1,0,0,0
1091,57437804000,Osipov A.S.,0,0,0,0,0,0,1,1,4,1,1,4,0,0
1092,57438785300,Alexander Patricio M.U.,1,0,0,0,0,0,2,1,4,3,1,4,1,1
1093,57438812500,Semenova T.,0,0,0,0,0,0,4,2,11,4,2,11,0,1
1094,57441164000,Motyakov N.,0,0,0,1,0,0,1,0,0,2,0,0,0,0
1095,57441498000,Dudina A.,0,0,0,1,0,0,0,0,1,1,0,1,1,0
1096,57443721500,Aparin A.G.,0,0,0,0,0,0,1,1,1,1,1,1,0,0
1097,57449590900,Khasanov М.,0,0,0,1,1,0,0,0,0,1,1,0,0,0
1098,57455279400,Khasanov A.V.,0,0,0,0,0,0,1,0,0,1,0,0,0,0
1099,57456062200,Severinova O.V.,0,0,0,0,0,0,1,0,0,1,0,0,0,0
1100,57467963200,Petrushin V.V.,0,0,0,0,0,0,1,0,1,1,0,1,0,0
1101,57468889600,Katerov A.M.,0,0,0,0,0,0,2,1,1,2,1,1,0,0
1102,57470489600,Borovkova N.V.,0,0,0,0,0,0,1,1,0,1,1,0,0,0
1103,57473870400,Cherdantsev G.A.,1,0,0,0,0,0,0,0,0,1,0,0,0,0
1104,57474567400,Dementyev A.,0,0,0,1,0,1,0,0,1,1,0,2,0,0
1105,57479996100,Artem G.,0,0,0,0,0,0,1,1,0,1,1,0,0,0
1106,57480018100,Borovikov D.,0,0,0,0,0,0,2,1,1,2,1,1,0,0
1107,57503048800,Aburova V.A.,0,0,0,0,0,0,2,1,1,2,1,1,0,0
1108,57545495600,Schetinina A.,0,0,0,0,0,0,1,1,0,1,1,0,0,0
1109,57547659300,Vasiliev A.,0,0,0,0,0,0,1,1,0,1,1,0,0,0
1110,57550340900,Gurevich I.,0,0,0,0,0,0,1,1,3,1,1,3,0,0
1111,57554327500,Shcheglova R.A.,0,0,0,1,0,0,1,1,2,2,1,2,0,0
1112,57555708100,Bezzubova O.V.,0,0,0,0,0,0,3,2,2,3,2,2,0,0
1113,57555752300,Vasilev D.A.,1,0,0,2,1,0,1,0,5,4,1,5,0,0
1114,57557653300,Al-Dirawi A.,0,0,0,0,0,0,2,1,6,2,1,6,0,1
1115,57566711800,Bolotov V.A.,1,0,0,1,1,3,1,1,8,3,2,11,0,0
1116,57573296300,Lavrik Anna,0,0,0,0,0,0,1,1,2,1,1,2,0,0
1117,57614743600,Matyugin D.Yu.,0,0,0,0,0,0,1,0,0,1,0,0,0,0
1118,57615411200,Novikova A.V.,0,0,0,0,0,0,1,0,0,1,0,0,0,0
1119,57626358500,Popova A.N.,0,0,0,4,1,1,2,1,5,6,2,6,0,0
1120,57652930900,Marin E.A.,0,0,0,0,0,0,2,1,1,2,1,1,0,0
1121,57667298600,Kholkin V.Y.,0,0,0,0,0,0,1,0,0,1,0,0,0,0
1122,57667965000,Polekhina V.S.,0,0,0,0,0,0,1,0,1,1,0,1,0,0
1123,57667965500,Zakharova K.V.,0,0,0,0,0,0,1,0,0,1,0,0,0,0
1124,57668298600,Lozada Montero S.D.,0,0,0,0,0,0,1,0,0,1,0,0,0,0
1125,57668309500,Kalinin D.F.,0,0,0,0,0,0,2,1,3,2,1,3,0,0
1126,57668322000,Grizkevich V.O.,0,0,0,0,0,0,1,0,0,1,0,0,0,0
1127,57668631200,Ilyukhina Y.A.,0,0,0,0,0,0,1,0,0,1,0,0,0,0
1128,57669324000,Moroz E.A.,0,0,0,0,0,0,1,0,0,1,0,0,0,0
1129,57669337900,Rumyantsev N.A.,0,0,0,0,0,0,1,0,0,1,0,0,0,0
1130,57674854600,Ivanov A.S.,0,0,0,0,0,0,1,1,0,1,1,0,0,0
1131,57695124900,Masko O.,0,0,0,0,0,0,2,1,3,2,1,3,1,0
1132,57701887600,Gordeev D.V.,0,0,0,0,0,0,1,0,0,1,0,0,0,0
1133,57712391600,Mushihin E.A.,0,0,0,0,0,0,1,1,3,1,1,3,0,0
1134,57718334300,Pantyukhin A.A.,0,0,0,1,0,2,0,0,1,1,0,3,0,0
1135,57726914900,Denisova O.V.,0,0,0,0,0,0,1,0,0,1,0,0,0,0
1136,57731347800,Razin A.,0,0,0,0,0,0,1,1,0,1,1,0,0,0
1137,57732354600,Skorobogatov A.,0,0,0,0,0,0,1,1,0,1,1,0,0,0
1138,57733101500,Komarovsky M.,0,0,0,0,0,0,1,1,0,1,1,0,0,0
1139,57733833500,Boyko S.A.,0,0,0,0,0,0,2,1,2,2,1,2,0,0
1140,57734007100,Spiridonova V.A.,0,0,0,0,0,0,1,1,1,1,1,1,0,0
1141,57739100900,Milic J.,0,0,0,0,0,0,1,0,0,1,0,0,0,0
1142,57739242800,Proshutinskiy M.S.,0,0,0,0,0,0,1,0,0,1,0,0,2,0
1143,57745714800,Poltoratckaya M.E.,0,0,0,0,0,0,1,1,3,1,1,3,1,0
1144,57749130500,Popov M.G.,0,0,0,1,1,0,1,1,6,2,2,6,0,0
1145,57759651600,Seregin B.,0,0,0,0,0,0,1,1,0,1,1,0,0,0
1146,57760101400,Lvova D.,0,0,0,0,0,0,1,1,0,1,1,0,0,0
1147,57760177300,Musinova P.V.,0,0,0,0,0,0,1,1,1,1,1,1,0,0
1148,57760238800,Teremetskaya V.,0,0,0,1,0,0,1,1,0,2,1,0,0,4
1149,57765286800,Toropchina M.,0,0,0,0,0,0,1,1,2,1,1,2,0,0
1150,57765713900,Babykin R.,0,0,0,0,0,0,1,1,2,1,1,2,0,0
1151,57765963800,Piscunov N.S.,0,0,0,0,0,0,1,1,0,1,1,0,0,0
1152,57766175800,Bahvalov E.D.,0,0,0,0,0,0,1,1,0,1,1,0,0,0
1153,57776875400,Kadochnikov V.G.,0,0,0,0,0,0,1,1,3,1,1,3,0,0
1154,57779277400,Shatilova N.A.,0,0,0,0,0,0,1,0,0,1,0,0,0,0
1155,57779617400,Mal'Tsev P.A.,0,0,0,0,0,0,1,0,0,1,0,0,0,0
1156,57788224300,Rodina T.V.,1,0,0,0,0,0,0,0,0,1,0,0,0,0
1157,57789798500,Yamkin M.A.,0,0,0,0,0,0,1,0,0,1,0,0,0,0
1158,57790670900,Rogova I.S.,0,0,0,0,0,0,1,1,3,1,1,3,0,0
1159,57791000300,Troitskaya M.A.,0,0,0,0,0,0,1,1,3,1,1,3,0,0
1160,57803987300,Gladkova E.,0,0,0,0,0,0,1,0,0,1,0,0,0,0
1161,57811300900,Lokhmatikov G.A.,0,0,0,0,0,0,2,2,0,2,2,0,0,0
1162,57811745000,Kuzmin K.A.,0,0,0,0,0,0,1,1,8,1,1,8,1,0
1163,57820158000,Nechitailo A.R.,0,0,0,0,0,0,1,0,0,1,0,0,0,0
1164,57828607800,Spitsyn A.A.,0,0,0,0,0,0,1,0,1,1,0,1,0,0
1165,57828867200,Bazhenova V.A.,0,0,0,0,0,0,1,0,1,1,0,1,0,0
1166,57828904300,Volf V.V.,0,0,0,0,0,0,1,1,0,1,1,0,0,0
1167,57830393800,Limanov M.N.,0,0,0,0,0,0,1,0,1,1,0,1,0,0
1168,57831286400,Moroz N.E.,0,0,0,0,0,0,1,0,0,1,0,0,0,1
1169,57846461800,Shamordin A.A.,0,0,0,0,0,0,1,0,0,1,0,0,0,0
1170,57847522100,Pudovkina S.,1,0,0,0,0,0,0,0,0,1,0,0,1,0
1171,57854195600,Riadinskaia A.P.,0,0,0,0,0,0,1,0,0,1,0,0,0,0
1172,57854268800,Yushchenko S.,0,0,0,0,0,0,1,1,0,1,1,0,0,0
1173,57854407500,Donghee L.,0,0,0,0,0,0,1,1,1,1,1,1,2,2
1174,57864816600,Rakitin I.V.,0,0,0,0,0,0,2,2,1,2,2,1,0,0
1175,57865181400,Agaguena A.,0,0,0,1,0,0,1,1,1,2,1,1,0,0
1176,57865362900,Vishnyakov G.Yu.,0,0,0,0,0,0,1,1,1,1,1,1,0,0
1177,57865815800,Troshina E.Y.,1,0,0,0,0,0,2,0,0,3,0,0,0,0
1178,57865847300,Struk G.V.,0,0,0,0,0,0,1,1,0,1,1,0,0,0
1179,57866051000,Vasiliev D.А.,0,0,0,0,0,0,1,1,0,1,1,0,0,0
1180,57866051200,Nosov A.A.,0,0,0,0,0,0,1,1,1,1,1,1,0,0
1181,57866051300,Yunpeng L.,0,0,0,0,0,0,1,1,0,1,1,0,0,0
1182,57866254500,Rakov A.V.,0,0,0,0,0,0,1,1,0,1,1,0,0,0
1183,57866664700,Gasimov E.E.,0,0,0,1,0,0,3,1,1,4,1,1,0,0
1184,57866866900,Iliin E.S.,0,0,0,0,0,0,1,1,0,1,1,0,0,0
1185,57873320500,Buldakova E.G.,0,0,0,0,0,0,1,1,0,1,1,0,0,0
1186,57873459100,Raguzin I.,0,0,0,0,0,0,1,0,0,1,0,0,0,0
1187,57873875500,Nikolaev M.Y.U.,0,0,0,0,0,0,1,1,3,1,1,3,0,0
1188,57874050200,Fedorova A.V.,1,0,0,0,0,0,1,1,1,2,1,1,0,0
1189,57874050400,Sabinin D.S.,0,0,0,0,0,0,1,1,3,1,1,3,0,0
1190,57874066900,Kuzmin Y.,1,0,0,1,0,0,0,0,0,2,0,0,0,0
1191,57874375400,Boltov M.,0,0,0,0,0,0,1,0,0,1,0,0,0,0
1192,57876440200,Alikhanov N.,0,0,0,0,0,0,2,1,0,2,1,0,0,0
1193,57883550000,Prokhorova E.O.,0,0,0,0,0,0,1,1,1,1,1,1,0,0
1194,57884799600,Lushina E.A.,0,0,0,0,0,0,1,1,1,1,1,1,0,0
1195,57885494800,Petrov N.E.,0,0,0,0,0,0,1,1,2,1,1,2,0,0
1196,57885723400,Bazhenova A.V.,0,0,0,0,0,0,1,1,0,1,1,0,0,0
1197,57885951200,Pavlenko G.D.,0,0,0,0,0,0,1,1,2,1,1,2,0,0
1198,57887114900,Ryadinsky D.E.,0,0,0,0,0,0,1,1,1,1,1,1,0,0
1199,57887115000,Yakovlev A.A.,0,0,0,0,0,0,1,1,1,1,1,1,0,0
1200,57887804500,Kovalskaya K.V.,0,0,0,0,0,0,1,0,1,1,0,1,0,0
1201,57889542300,AL-Saadi T.,0,0,0,0,0,0,2,1,0,2,1,0,0,0
1202,57914717400,Basova L.A.,0,0,0,0,0,0,1,0,0,1,0,0,0,0
1203,57926093400,Azimov A.M.,0,0,0,0,0,0,1,1,0,1,1,0,0,0
1204,57926547600,Teplyakova A.,0,0,0,1,0,0,3,1,0,4,1,0,0,0
1205,57929134000,Nasifullina A.I.,0,0,0,0,0,0,2,2,0,2,2,0,0,0
1206,57929647800,Kambulov E.,0,0,0,0,0,0,1,1,1,1,1,1,0,0
1207,57935805700,ljadly M.A.,0,0,0,0,0,0,1,0,0,1,0,0,0,0
1208,57936182600,Shchiptsova E.K.,0,0,0,0,0,0,1,1,0,1,1,0,0,0
1209,57946873400,Nguyen T.H.,0,0,0,0,0,0,1,0,0,1,0,0,0,0
1210,57957281800,Gatiatullin B.L.,0,0,0,0,0,0,1,1,0,1,1,0,0,0
1211,57960757000,Kolganov A.V.,0,0,0,0,0,0,1,0,0,1,0,0,0,0
1212,57961612600,Krasnikov А.А.,0,0,0,0,0,0,1,1,0,1,1,0,0,0
1213,57963452100,Sytnik J.,0,0,0,0,0,0,1,1,1,1,1,1,0,0
1214,57964566800,Antonova V.S.,0,0,0,0,0,0,1,1,0,1,1,0,0,0
1215,57976436100,Vaga V.,0,0,0,0,0,0,1,0,0,1,0,0,0,0
1216,57976622300,Efremova V.A.,0,0,0,0,0,0,1,0,0,1,0,0,0,0
1217,57976748200,Ungefuk A.A.,0,0,0,0,0,0,1,0,0,1,0,0,0,0
1218,57981302300,Maksimenko M.V.,0,0,0,0,0,0,1,0,0,1,0,0,0,0
1219,57989359200,Brovchenko I.V.,0,0,0,0,0,0,1,0,0,1,0,0,0,0
1220,57991221700,Ruiming X.,0,0,0,0,0,0,1,1,0,1,1,0,0,0
1221,57992727200,Efimov D.A.,0,0,0,0,0,0,1,1,0,1,1,0,0,1
1222,57993048700,Gurko A.V.,0,0,0,0,0,0,1,1,0,1,1,0,2,3
1223,57993211800,Babenko M.A.,0,0,0,0,0,0,1,1,1,1,1,1,0,1
1224,57993372800,Andreichuk A.P.,0,0,0,0,0,0,1,1,0,1,1,0,2,3
1225,57993536100,Astapenka T.S.,0,0,0,0,0,0,1,1,0,1,1,0,0,0
1226,57993536200,Dementyeva A.V.,0,0,0,0,0,0,1,1,0,1,1,0,0,0
1227,58002504000,Cheremshantsev D.M.,0,0,0,0,0,0,1,0,0,1,0,0,0,0
1228,58002758300,Nikishin V.V.,0,0,0,0,0,0,1,0,0,1,0,0,0,0
1229,58002842300,Shansherov A.V.,0,0,0,0,0,0,1,0,0,1,0,0,0,0
1230,58002842400,Kuznetsova N.Yu.,0,0,0,0,0,0,1,0,0,1,0,0,0,0
1231,58030051400,Alekhnovich V.,0,0,0,0,0,0,1,1,0,1,1,0,0,0
1232,58030215200,Tarasova A.,0,0,0,0,0,0,1,1,0,1,1,0,0,0
1233,58035284300,Ulyanov D.S.,0,0,0,0,0,0,1,1,0,1,1,0,0,0
1234,58035706100,Yurtaev S.L.,0,0,0,0,0,0,1,1,0,1,1,0,0,0
1235,58044130200,Zhurkevich A.,0,0,0,0,0,0,1,1,0,1,1,0,1,0
1236,58044453400,Gordevnin N.A.,0,0,0,0,0,0,1,0,0,1,0,0,0,0
1237,58055969500,Starovoitov V.N.,0,0,0,0,0,0,1,1,0,1,1,0,0,0
1238,58066263800,Ghanbari A.R.,0,0,0,0,0,0,1,1,0,1,1,0,1,0
1239,58066579700,Davardoost H.,0,0,0,0,0,0,1,1,0,1,1,0,1,0
1240,58069338400,Valkovа E.O.,0,0,0,0,0,0,1,0,0,1,0,0,0,0
1241,58069411800,Timofeev M.I.,0,0,0,0,0,0,1,1,0,1,1,0,0,0
1242,58069457500,Uvarova S.G.,0,0,0,0,0,0,1,0,0,1,0,0,0,0
1243,58073998500,Artamonov P.,0,0,0,1,0,0,0,0,0,1,0,0,0,0
1244,58074263400,Myakotnykh A.,0,0,0,1,0,0,0,0,0,1,0,0,0,0
1245,58075597500,Chishegorov D.,0,0,0,1,0,0,0,0,0,1,0,0,0,0
1246,58081971100,Podlesniy D.S.,0,0,0,0,0,0,1,0,1,1,0,1,0,0
1247,58102106600,Pilipenko A.R.,0,0,0,0,0,0,1,1,0,1,1,0,0,0
1248,58102369500,Yakimaha M.N.,0,0,0,0,0,0,1,1,0,1,1,0,0,0
1249,58121935200,Yakusheva A.M.,0,0,0,0,0,0,1,0,1,1,0,1,0,0
1250,58123015000,Alieva L.Z.,1,0,0,0,0,2,1,1,0,2,1,2,1,0
1251,58139908500,Shuiskaya V.S.,0,0,0,0,0,0,1,0,0,1,0,0,0,0
1252,58156604600,Vasilev B.Y.,1,0,0,0,0,0,0,0,0,1,0,0,0,0
1253,6503924255,Gorlanov E.S.,0,0,0,0,0,0,2,1,4,2,1,4,0,0
1254,6504391616,Vyboldin Yu.K.,0,0,0,1,0,0,3,1,0,4,1,0,0,0
1255,6504558925,Ilinov M.D.,1,0,0,0,0,0,0,0,0,1,0,0,0,0
1256,6504609711,Dubovikov O.A.,1,0,0,2,1,1,1,1,1,4,2,2,0,0
1257,6505518049,Maksarov V.V.,7,1,3,8,2,11,3,2,13,18,5,27,0,0
1258,6505837403,Shakhnazarov K.Y.,2,0,0,1,0,1,2,0,3,5,0,4,0,0
1259,6506448263,Telyakov N.M.,1,0,0,0,0,0,0,0,0,1,0,0,0,0
1260,6506510514,Trushko V.L.,2,0,0,2,1,9,1,1,17,5,2,26,0,0
1261,6506719512,Cherepovitsyn A.,6,2,3,11,2,33,5,1,62,22,5,98,10,0
1262,6506841840,Vologzhanina S.A.,0,0,0,2,0,0,2,0,4,4,0,4,0,0
1263,6506891854,Kozyaruk A.,1,0,1,2,1,2,0,0,10,3,1,13,0,0
1264,6507090446,Putikov O.F.,1,0,0,1,0,4,0,0,2,2,0,6,0,0
1265,6507201804,Gulbin Y.L.,2,1,0,5,1,1,2,0,4,9,2,5,0,0
1266,6507220298,Gerasev S.A.,1,0,0,2,1,0,0,0,3,3,1,3,0,0
1267,6507413558,Zileev A.G.,0,0,0,0,0,0,1,1,0,1,1,0,0,0
1268,6507419156,Zagrivniy E.A.,1,0,0,0,0,0,0,0,1,1,0,1,0,0
1269,6507512372,Krizsky V.N.,0,0,0,2,1,0,3,2,1,5,3,1,0,0
1270,6507561598,Shakhparonova T.S.,0,0,0,2,1,0,0,0,2,2,1,2,0,0
1271,6507628129,Kirill G.,1,0,0,2,1,2,4,1,4,7,2,6,0,0
1272,6507727096,Zgonnik P.V.,0,0,0,1,1,0,1,1,4,2,2,4,0,0
1273,6508138888,Gabov V.V.,1,0,0,5,1,3,4,2,21,10,3,24,0,11
1274,6508201121,Kholodilov A.N.,0,0,0,1,1,0,0,0,1,1,1,1,0,0
1275,6601971449,Sizyakov V.M.,2,1,1,3,1,1,2,0,7,7,2,9,0,0
1276,6602081992,Sharikov Y.V.,4,1,1,2,0,4,0,0,11,6,1,16,0,0
1277,6602114452,Sudarikov S.M.,0,0,0,3,1,1,3,2,8,6,3,9,0,0
1278,6602186786,Karapetyan K.G.,0,0,0,3,1,1,2,0,9,5,1,10,0,0
1279,6602615733,Rudakov M.L.,5,1,4,6,1,37,1,1,38,12,3,79,0,0
1280,6602734736,Brigadnov I.A.,1,1,1,0,0,1,0,0,0,1,1,2,0,0
1281,6602822866,Tomaev V.V.,1,0,1,2,0,0,2,1,0,5,1,1,0,0
1282,6602892503,Tatarenko A.S.,0,0,0,0,0,0,1,1,0,1,1,0,0,0
1283,6603058911,Protosenya A.G.,1,1,1,0,0,3,4,2,9,5,3,13,0,0
1284,6603125268,Marin Y.B.,7,1,0,4,0,1,3,1,6,14,2,7,0,0
1285,6603456036,Demenkov P.A.,3,0,0,0,0,7,0,0,3,3,0,10,0,0
1286,6603469352,Tsirel S.V.,3,0,0,0,0,5,0,0,3,3,0,8,0,0
1287,6603487586,Sukhomlinov V.S.,1,0,0,0,0,0,0,0,0,1,0,0,0,0
1288,6603516253,Tsenter M.Y.,1,0,0,0,0,0,0,0,0,1,0,0,0,0
1289,6603607907,Shabarov A.N.,3,1,0,1,1,3,2,1,10,6,3,13,0,0
1290,6603641851,Kondrasheva N.,6,2,0,4,1,8,0,0,25,10,3,33,0,0
1291,6701702684,Povarov V.G.,6,2,2,5,2,12,7,2,46,18,6,60,3,0
1292,6701757986,Vaisberg L.A.,0,0,0,1,1,0,0,0,0,1,1,0,0,0
1293,6701852131,Fedortsov A.B.,0,0,0,1,0,0,0,0,0,1,0,0,0,0
1294,7003503442,Bolobov V.,5,1,3,5,2,11,4,1,44,14,4,58,0,0
1295,7003839446,Olga D.V.,1,0,0,2,0,4,1,0,5,4,0,9,0,0
1296,7003984465,Abramovich B.N.,6,1,5,5,1,15,1,0,24,12,2,44,0,1
1297,7004277650,Litvinova T.,4,0,0,5,1,5,3,1,25,12,2,30,3,0
1298,7004283803,Iakovlev P.V.,5,0,0,3,0,1,0,0,1,8,0,2,0,0
1299,7004554110,Kryukov N.A.,1,1,0,0,0,0,0,0,0,1,1,0,0,0
1300,7004667266,Dymshits O.S.,1,0,0,0,0,0,0,0,0,1,0,0,0,0
1301,7005249543,Alekseeva I.P.,1,0,0,0,0,0,0,0,0,1,0,0,0,0
1302,7005458696,Tsyganov A.B.,0,0,0,1,0,0,0,0,0,1,0,0,0,0
1303,7005661198,Kopylova T.N.,0,0,0,1,1,1,1,1,2,2,2,3,0,0
1304,7005990535,Zhilin A.A.,1,0,0,0,0,0,0,0,0,1,0,0,0,0
1305,7101634382,Tikhonov A.A.,2,2,1,4,2,4,1,1,7,7,5,12,0,0
1306,7101794018,Kogan V.E.,0,0,0,1,1,0,0,0,2,1,1,2,0,0
1307,7101845563,Isaev A.I.,3,0,0,1,1,0,3,1,8,7,2,8,0,0
1308,7101887960,Zubov V.P.,2,0,0,2,1,1,1,1,5,5,2,6,1,0
1309,7101980488,Petrov G.V.,2,1,0,2,2,5,2,1,3,6,4,8,0,0
1310,7102246989,Nosov V.,6,0,0,2,0,4,3,2,4,11,2,8,0,3
1311,7102628479,Litvinenko V.,7,2,34,0,0,135,2,1,192,9,3,361,5,0
1312,7202362164,Egorov A.,0,0,0,3,1,1,3,2,8,6,3,9,1,0
1313,7202812986,Smirnova N.N.,2,0,0,0,0,1,1,1,3,3,1,4,0,0
1314,7402999353,Fedorov A.,3,2,0,3,2,12,1,1,15,7,5,27,0,0
1315,7801324507,Kuzhaeva A.A.,0,0,0,0,0,0,1,1,2,1,1,2,0,0
1316,7801335578,Sivenkov A.,2,0,0,2,1,0,2,1,9,6,2,9,0,0
1317,8206109600,Lushpeev V.A.,1,0,0,0,0,2,0,0,1,1,0,3,0,0
1318,8340335500,Zhadovskiy I.T.,1,0,0,1,1,0,0,0,3,2,1,3,0,0
1319,8726712700,Sharikov F.Y.,1,0,0,1,0,1,1,0,7,3,0,8,0,0
1320,8908171600,Evdokimov A.N.,4,2,1,2,1,2,1,1,3,7,4,6,0,0
1321,8946849900,Smolensky V.V.,0,0,0,0,0,0,1,1,0,1,1,0,0,0
1322,8956143300,Zapalova S.S.,1,0,0,0,0,0,0,0,0,1,0,0,0,0
1323,9432943200,Melnikov V.G.,1,0,0,2,0,1,0,0,1,3,0,2,0,0
